id,created_at,retweet_count,text
1035060980286251008,2018-08-30 07:05:42,1,"@iiit_hyderabad turns 20! The countdown begins to a weekend of celebrating the institute, its research and innovations. See you there! #iiith, #iiithyderabad #iiithturnstwenty #showcase https://t.co/2asHoMRZoz"
1034710863393959938,2018-08-29 07:54:28,4,RT @ponguru: 5 days left for the 20 years celebrations @iiit_hyderabad Campus is buzzing!!! More details https://t.co/UnMEACQelP #IIITHRock‚Ä¶
1034710761564557312,2018-08-29 07:54:04,1,Thank you @teamTSIC https://t.co/JLiLyeF5un
1034710557117440000,2018-08-29 07:53:15,3,"As IIIT-H celebrates its 20th anniversary this weekend, alumni meets across the country and abroad gets IIIT-H alumni nostalgic about their wonder years on campus. Bangalore, Seattle, Bay Area and next Hyderabad on 1st September.  https://t.co/D9DUMC8bKk #iiith #iiithyderabad https://t.co/YhWL9Xf5fZ"
1033942717649235969,2018-08-27 05:02:08,6,"20 eventful years. From inspired beginnings with visionaries at the helm, to what it is now. We would like to thank every well wisher, parents, patrons, students, faculty, partners and the broader society. Please join us at the 20th anniversary celebration. Sep 2, 2018. https://t.co/OjvRMZdHLL"
1032872109628768256,2018-08-24 06:07:55,5,"Just one week to go for the Hyderabad alumni meet. Registration is mandatory, so if you haven't done it yet, click on https://t.co/qmZyqlCLSs https://t.co/EaDz9vh6Cf"
1032510502323146753,2018-08-23 06:11:01,0,CIE@IIITH startups walk away with awards at HYSEA Product Awards &amp; Expo 2018. @OnwardAI wins Best Technology Innovation Award; Thanos Tech and Indriyn are among top 10 hottest startups. https://t.co/5kCjXhiUJf https://t.co/UefXfPNKep
1032308186705850368,2018-08-22 16:47:05,0,SAMVADA | 72nd Independence Day https://t.co/JDQUa0xZey via @YouTube
1032304830470021120,2018-08-22 16:33:45,2,#KCISdistinguishedtalk by #Profshmuelpeleg on Audio Visual Speech Enhancement at @iiit_hyderabad on 7th September 4pm. Register at https://t.co/6st49skTnd https://t.co/XqiOoNZs7v
1032299600797872128,2018-08-22 16:12:58,2,"The film Khusrau Darya Premka (Khusrau, the River of Love), directed by YousufSaeed will be featured on 24 Aug 2018, 7:45 p.m. Amphitheatre (Himalaya -105 in case of rain). https://t.co/MbMUXzgzQg"
1032299092871852033,2018-08-22 16:10:57,4,"The film Campus Rising directed by Yousuf Saeed, will be featured on 24 Aug 2018, 6:15 p.m at Amphitheatre (Himalaya -105 in case of rain) https://t.co/cpWowOUyGC"
1031056624771715072,2018-08-19 05:53:50,0,SAMVADA | 72nd Independence Day: https://t.co/ygLQELe4Rw via @YouTube
1030022347397324800,2018-08-16 09:23:59,4,"Sheikh Zakir Hussain, MS by Research student from the Signal Processing and Communications Research Centre (SPCRC) shares his latest research on tackling mobile network issues. https://t.co/6OGb3POu5n
#iiith #iiithyderabad #spcrc #5G https://t.co/L97tRUaX0a"
1029958544185909248,2018-08-16 05:10:27,3,"Prof Vishal Garg wins the Arthur H Rosenfeld Urban Cooling Achievement Award from @GlobalCoolCity for his drive, passion, and intelligence in creating a cooler planet. #iiithyderabad #profvishalgarg #arthurhrosenfeldaward #urbancooling #SanFrancisco https://t.co/vCLDjJLbDy"
1028259407182745602,2018-08-11 12:38:41,1,IIIT Hyderabad | 17th Convocation Live: https://t.co/JqmLCb7fq4 via @YouTube
1028199365767135232,2018-08-11 08:40:06,0,"IIIT Hyderabad | 17th Convocation Live

https://t.co/ufMPIh0UoG"
1028195064315437056,2018-08-11 08:23:00,0,IIIT Hyderabad | 17th Convocation Live starts in a few minutes. Watch it live at  https://t.co/b6kOgEDMgz via @YouTube
1027783530061811712,2018-08-10 05:07:43,1,"USA IIIT-H Alumni Meets - Fast Filling up !!
Bay Area and Seattle Alumni - come meet your profs and friends! Hurry register Now !
18 Aug Sat @ Fremont, CA - 12.30 pm - 5.00 pm - https://t.co/Shg4Mxwkjy
19 Aug Sun @ Renton, WA - 11.00 am - 4.00 pm - https://t.co/hUMDPLSq61
#iiith https://t.co/YDjS48Eptm"
1027601587982585856,2018-08-09 17:04:45,569,"RT @KTRTRS: Welcome another marquee brand entering India through our own Hyderabad &amp; Telangana üëç

Along with Klas Molin, Ambassador, @swede‚Ä¶"
1027510554737430528,2018-08-09 11:03:01,2,IIIT Hyderabad | 16th Convocation Live: https://t.co/LSgz4WZ9tY via @YouTube
1027491600497303553,2018-08-09 09:47:42,0,IIIT Hyderabad | 16th Convocation Live: https://t.co/Qeix2b7rYh via @YouTube
1027449191197364224,2018-08-09 06:59:10,3,The graduating batch of 2018 BTech students are doing the happy dance. Sixteen of them have been recruited by international firms. Let‚Äôs see where exactly they're headed and what makes them tick. #iiith #iiithyderabad https://t.co/XMDMaHPC9A https://t.co/GU6qhPPsKy
1026786461775872002,2018-08-07 11:05:43,2,#iiithalumnimeet #bangalore https://t.co/vSZMLjPR24
1026681546781143040,2018-08-07 04:08:50,5,"The biggest #IIITH alumni meet is happening on 1st September, 2018 (Saturday)at IIIT-Hyd Campus. This would be followed by the 20th Anniversary Celebrations on 2nd September, 2018.
So come celebrate with your batchmates and faculty!
Pre Register here: https://t.co/rSTXFYV0A3 https://t.co/I0O9DgdZEz"
1026015621690142721,2018-08-05 08:02:41,7,"Prof. PJN, Director IIIT Hyderabad introducing about the history and recent developments at IIIT Hyderabad. #20YearsCelebrations https://t.co/j8ItlrJkPp"
1026013998573993985,2018-08-05 07:56:14,4,Some live updates from the event. #IIITH #20YearsCelebrations https://t.co/LFMvO3F3Tl
1026012394487574528,2018-08-05 07:49:51,1,The #Bangalore Alumni Meet of IIITH is here. https://t.co/ZLreK8DIEA
1025307202402144256,2018-08-03 09:07:40,7,"A digital tour guide of a heritage structure? So what‚Äôs new, you may ask. IIIT-H students from the CVIT research centre have come out with a unique approach that lets you customize the tour with a story-telling experience that maps your interests. Read on. https://t.co/GrQXehrxum https://t.co/6V23P2GttS"
1025251573419597824,2018-08-03 05:26:38,3,"USA IIIT-H Alumni Meets - Fast Filling up !!

Bay Area and Seattle Alumni  - come meet your profs and friends! Hurry register Now !

18 Aug Sat @ Fremont, CA - 12.30 pm - 5.00 pm  - https://t.co/Shg4Mxwkjy

19 Aug Sun @ Renton, WA - 11.00 am - 4.00 pm - https://t.co/hUMDPLSq61 https://t.co/Y2ArFAQ0wo"
1023827521832345600,2018-07-30 07:07:57,6,"Now anyone can video, thanks to Prof Vineet Gandhi's groundbreaking work on using artificial intelligence in cinematography.
https://t.co/qQw5S6jErH"
1023806400789528576,2018-07-30 05:44:02,0,"240 registrations and counting. Have you registered yet? Please do asap at https://t.co/FkLlDorhFI  As space is limited, you need to pay the registration fee to book your spot. No walk ins will be allowed,registration and pre payment is a must to attend the event.
#iiith https://t.co/6uXZfihMrX"
1022351213243723778,2018-07-26 05:21:38,5,Enterprising startups by IIIT-H students https://t.co/5QCnw9WpP2
1021990037376909318,2018-07-25 05:26:27,6,"To celebrate 20 years of #IIITH, Prof PJN, Prof. Jayanthi and Prof. Vishal will be traveling to Seattle to connect with alumni.
Join us for a fun-filled afternoon! Register at https://t.co/hUMDPLAPet https://t.co/7yHKtX3miP"
1021687516770922496,2018-07-24 09:24:20,3,"IIITH's 20th-year celebrations in the Bay Area!
Here‚Äôs your chance to connect with fellow IIIT alumni in the Bay area and also meet Prof. PJN, Prof. Jayanthi, Prof. Vishal. This lunch and networking event is open to the whole family. Register at https://t.co/BSlZYAxKKA https://t.co/yD4dtxW1ul"
1021629494287712256,2018-07-24 05:33:47,2,"12 DAYS TO GO! Have you reserved your spot yet? Register at https://t.co/En2mYkG5co
#iiith #alumnimeet #Bangalore https://t.co/gQaEpmGjLG"
1019890461081788421,2018-07-19 10:23:29,5,"Meet and greet your favorite faculty members and catch up with old friends @ IIIT-H Bangalore Alumni Meet!! Registration is mandatory. Please register at https://t.co/En2mYkoukQ 
August 5 (Sunday) 11:00 am - 3:30 pm 
MS RESEARCH LAB INDIA PVT, 9 Lavelle Road, Bangalore https://t.co/mGHDQmWS6w"
1019498671207903232,2018-07-18 08:26:39,3,"This senior research fellow from the Lab of Spatial Informatics at IIITH has been winning accolades and creating waves at every international conference and workshop she‚Äôs attended this year. Meet 26-year-old Salghuna Nair from Trichy, Tamil Nadu. https://t.co/1xnWFLRYNN https://t.co/YRfp7rCdWh"
1018734548677320705,2018-07-16 05:50:18,5,"Prof @aniketalam from Centre of Exact Humanities, IIIT-Hyderabad is researching the continuity and change in Spiti Valley over the past millennia. Read on to find out how he's going about it.
https://t.co/w0KlAPI64l https://t.co/CJ5tvhgXXz"
1017753950068486144,2018-07-13 12:53:45,3,#iiith #alumnimeet #bangalore Please register at https://t.co/En2mYkG5co https://t.co/y3rwd6SI2j
1016908019118977026,2018-07-11 04:52:19,6,"On the occasion of @iiit_hyderabad's 20th anniversary and @cieatiiithyd's 10th, we take a look at a few curated startups, whose 23- and 24-year-old founders began their education in the IIIT-H classroom but are continuing it in their board rooms. https://t.co/x0uMXO7ELZ https://t.co/Gb32v8xgyt"
1016907594307211264,2018-07-11 04:50:38,5,RT @ecell_iiithyd: This year we decided to make Megathon beyond Hyderabad. Online Round of Megathon-contribute ideas for Women Safety. Onsi‚Ä¶
1016570263276642304,2018-07-10 06:30:12,6,"Megathon 2018 is here - a student-led mega brainstorming of life hacks over a marathon session organized by the Entrepreneurial-cells (E-cells) of IIIT-H and IIT Hyderabad. Read on to found out how to participate and make a difference to the community.
https://t.co/qcQHPJZo83 https://t.co/W8W7fxsf0c"
1016323672305356801,2018-07-09 14:10:20,2,Hyderabad-based drone tech company is on a mission to make farmers lives easier https://t.co/CiTRikBDPE
1015219863231520768,2018-07-06 13:04:11,2,"KCIS‚Äôs next Distinguished Lecture series features Prof Joydeep Ghosh, Schlumberger Centennial Chair Professor of Electrical and Computer Engineering at the University of Texas, Austin. https://t.co/cyFgMk1DAj"
1014385238783373313,2018-07-04 05:47:41,6,"With its emphasis on applied research, IIIT-H's Structured Software Analysis and Design (SSAD) course encourages undergrads to work with startups and SMEs. If you're a startup looking to build a prototype, read on.https://t.co/jMEFRfWlFM #SSAD #iiith #serc https://t.co/QdRIlv603v"
1014084374122229761,2018-07-03 09:52:10,8,"Are you a startup or SME that needs to build a prototype?
IIITH students can help! Register to find out more at  https://t.co/BQQT7GPWut https://t.co/EQQ7ssa5m5"
1013697820606398464,2018-07-02 08:16:08,2,"Have you marked your calendar for IIITH@20's alumni meet? 4 locations to choose from - Hyderabad, Bangalore, Bay Area and Seattle. See you there! https://t.co/NP3d3GdZm1"
1013668953275576320,2018-07-02 06:21:26,8,"If you want to intern on open source projects, IIIT-H is the place to be. Not only is it one of the 12 Indian technological institutes that's part of @HRDMinistry's virtual labs initiative, but is also leading the engineering behind it. https://t.co/8vNvyh5VEP https://t.co/jGv37YkrqH"
1012276704419561473,2018-06-28 10:09:08,6,"Summer School on Social Computing starts tomorrow. Don't miss the keynote talks by Krishna Gummadi, MPI-SWS, Germany and Pushpak Bhattacharya, Director @iitpatna talk on Sentiment Analysis: Pushing the frontiers with new tasks and languages. https://t.co/vRLM8zUOYe https://t.co/YsggLWsxrj"
1008703826776543232,2018-06-18 13:31:47,2,https://t.co/DhGLVMWBT6 via @YourStoryCo
1005017321243435008,2018-06-08 09:22:56,4,"Dr. Jolly Thomas from the Centre of Exact Humanities, IIIT-H is the recipient of the Bimal Krishna Matilal Prize for Logic 2018. He will be representing India at the 2018 World Congress and School on Logic in France this month. https://t.co/qCFf2ydBPY https://t.co/bPrVKlb1Cb"
1004640260385484800,2018-06-07 08:24:38,8,"As @iiithf celebrates its decennial, we put the spotlight on 10 of its most promising deep tech startups.https://t.co/tB4P7A2kjY https://t.co/5qsqWZYWj0"
1000993496864407552,2018-05-28 06:53:41,7,"In honour of their son, Vedant Kidambi (special MS by Research student, 2008-2010), Girija and Uday Kumar have created an endowment fund supported by a generous donation of 20 lakhs towards research in the field of Cognitive Science at @iiit_hyderabad .https://t.co/lAdwhdXphj https://t.co/nr3gw2dHGe"
999901974815326209,2018-05-25 06:36:22,7,"IIIT-Hyderabad is conducting a summer school on Social Computing from June 29 ‚Äì July 3, 2018. For more details visit https://t.co/nqyKncjad8 https://t.co/vDfOZICGNZ"
999558130055835649,2018-05-24 07:50:03,2,"And in some AWE inspiring news, MS by Research student @EnnaSachdeva makes her way to @UTAustin for the Aspiring Women Entrepreneurs (AWE) program. https://t.co/qNCj0UOklt"
998840644750557184,2018-05-22 08:19:01,4,"Machine Learning seems so last year. Let‚Äôs talk machine generated machine learning instead: In conversation with Soham Acharya, CEO and co-founder of NicheAI. https://t.co/ABJzthIHCY https://t.co/M5OEtCN91n"
997489949720039424,2018-05-18 14:51:51,4,https://t.co/y6nvbMGtlm
997358921944715266,2018-05-18 06:11:11,4,Language Technologies Research Centre (LTRC) and Kohli Centre on Intelligent Systems team creates model based on neural network architecture that can automatically determine credibility of an online article. https://t.co/7ulpvDS9pt
994497142529122304,2018-05-10 08:39:30,9,Manjeera Digital Systems Builds First Indian Processor to Enable AI Processing https://t.co/wwMbulatiV https://t.co/nklf9nO5Qk
993713585565130752,2018-05-08 04:45:55,3,https://t.co/kRuUUnpl6C
991577248292454400,2018-05-02 07:16:53,7,Team FalconX has qualified for the final launch phase of the annual CanSat competition organized by @astrosociety to be held in Texas. Here‚Äôs a lowdown how they‚Äôre preparing for it. https://t.co/fY4yk0PwEI https://t.co/tIrgEoFir2
989760786292600833,2018-04-27 06:58:54,2,"After @iiit_hyderabad's first successful cycle of Foundations of AI/ML program, conducted by its Machine Learning Lab in association with @talentsprint, the second batch commences on 16 June 2018 in Hyderabad and 23 June 2018 in Bangalore. https://t.co/jfLSoBjg5i via @YouTube"
989760273249583104,2018-04-27 06:56:52,3,"After @iiit_hyderabad's first successful cycle of Foundations of AI/ML program, conducted by its Machine Learning Lab in association with @talentsprint, the second batch commences on 16 June 2018 in Hyderabad and 23 June 2018 in Bangalore. More details at https://t.co/NSgWIqolHR"
989024302925320192,2018-04-25 06:12:23,1,"From building algorithms that model Hindi-English speech to rock climbing, Fulbright-Nehru scholar Kelsey Taylor Ball shares her experience of completing her research project and enjoying India‚Äôs kaleidoscopic diversity during her tenure at IIIT-H. https://t.co/jgwxPHlDfs https://t.co/8kG6vkgbr9"
988696516184293376,2018-04-24 08:29:53,5,IIIT-H graduates have been blazing career fields ranging from analytics and operations to engineering and technology. We turn the spotlight on 2008 MTech graduate Rachita Chowdhary who is currently head of Engineering at @myBabyChakra . https://t.co/nZGmAqMxzw https://t.co/3E8CWrnk5E
988338303752536068,2018-04-23 08:46:28,1,"When a 22-year-old is creating ripples in the student community for having bagged an overseas internship for the second consecutive year and speaks wisely of having figured out a work-life balance, you want to know what her secret sauce is! https://t.co/Lhk8BosBxF https://t.co/38eCo4NKP0"
988281884646887426,2018-04-23 05:02:17,1,Women Students at IIIT-H https://t.co/LB8r05MBRf via @YouTube
987399512753885184,2018-04-20 18:36:03,0,Women Students at IIIT-H: https://t.co/pp0v02e9XD via @YouTube
987278879311081475,2018-04-20 10:36:42,8,"A delegation of students from IIIT-H led by @devvarma attended @ecir2018 in Grenoble, France. We take you through a brief summary of their research work presented at this premier forum. https://t.co/SllYrJDqUF https://t.co/xWTmlNLkdG"
986865689213497344,2018-04-19 07:14:50,1,"Dinesh Koka, one of the founders of Hyderabad-based and CIE-incubated startup Onward Health, tells us which way they‚Äôre headed with their soft pivot into healthcare analytics. https://t.co/dAOMYC8ddW https://t.co/VymSGGxuzW"
986501961892577280,2018-04-18 07:09:30,10,"Last week @PriyaRKrishnan successfully defended her PhD thesis and earned her degree. What makes this news-worthy is this young mother of two took a mid-career break to raise her child, signed up for courses at IIIT-Hyderabad and hasn't looked back since! https://t.co/9PKytXxZNs https://t.co/5ikkl7uw84"
986174461882716160,2018-04-17 09:28:08,0,"With the world being driven by intellectual property and deeptech, there‚Äôs an immediate need to take research from lab to land @rameshl1 discusses real-world problems faced by industry and universities, and how IIIT-Hyderabad is attempting to overcome them https://t.co/vWr40XWFCX https://t.co/DWjqrNKgdn"
985789090821001217,2018-04-16 07:56:48,4,TooWeakTooSlow is in @PKU1898 Beijing right now representing India at the 2018  @acm ICPC World Finals. We're rooting for them to strike gold at this 'Olympics of Programming'. Wish them luck! https://t.co/a4UlnZGw5I https://t.co/30JhQQuFEZ
984305487603748864,2018-04-12 05:41:30,1,"Sneha Jain, a Masters in Building Science Research student at IIIT-Hyderabad has been awarded an internship that will allow her to work at the prestigious Lawrence Berkeley National Laboratory (Berkeley Lab), USA for six months. https://t.co/UkL1XDJIrc https://t.co/QUhyrdhGjQ"
984304901307150336,2018-04-12 05:39:10,4,RT @Kurmanath: IIIT-H seed fund has invested in NicheAI an early stage #ArtificialIntelligence start up that designs accurate and computati‚Ä¶
983269804508237826,2018-04-09 09:06:04,2,"IIITH's Saumya Rawat, the only undergraduate student to present her paper at the 24th International Conference on Multimedia Modeling. https://t.co/GVmHd583jb https://t.co/plWqIXUhbR"
982222549223292929,2018-04-06 11:44:39,7,RT @Honeywell_India: Calling all students from @IITHyderabad &amp; @iiit_hyderabad to participate at the 2018 Aerospace Automation Challenge #H‚Ä¶
982222331601760257,2018-04-06 11:43:47,0,https://t.co/RxqnNVYwPR
982178209876738048,2018-04-06 08:48:27,1,"Ahead of World Health Day which will be celebrated on 7 April, IIIT-Hyderabad rightly puts the focus on mental health year-round, setting the right foundation of general physical well-being of its students. https://t.co/6hSYFEvrvx https://t.co/b8mzII5pSL"
981774543487303685,2018-04-05 06:04:26,8,IIITH alumnus @venkypotluri will soon take his pick from his choice of top graduate schools across the US to further his research interests. We catch up with him and find out what it takes to be a visionary. https://t.co/LSsK8yrBys https://t.co/k5QFN2ymBr
981643008499224576,2018-04-04 21:21:45,1,R&amp;D Showcase 2018: https://t.co/2Megh60SBR via @YouTube
978146020407169027,2018-03-26 05:45:58,4,@iiit_hyderabad is conducting its annual Student Technology Education Programme (STEP) for school children (Grades 7-10) with special emphasis on computational thinking from 7 May - 1 June 2018. Here's why its the top draw this summer. https://t.co/W3hy6Y502a https://t.co/qFmikKXWQo
977409854213062656,2018-03-24 05:00:43,3,"What does it take to walk away from the great Indian IIT dream? We found a willing candidate in Debojit Das, first year dual degree (BTech in CSE and M.S in CSE by Research) student at IIIT-Hyderabad, who answers this. https://t.co/Q7vZbDemn7 https://t.co/dxct77JBuc"
977079781597597696,2018-03-23 07:09:07,1,"Furthering his interest in rational problem-solving, #iiithyderabad #dualdegree student Tarun Gupta's research on Planning and Learning for Decentralized Markov Decision Processes with Event-Driven Rewards gets recognised at #AAAI18  https://t.co/fc4kTA0Lj6"
976707436462579712,2018-03-22 06:29:33,1,"Educational institutions in India are ranked based on National Institutional Ranking Framework (NIRF) since 2016.  @pjnarayanan, Director, IIIT-Hyderabad presents his analysis of the NIRF ranking scheme and how it treats different types of institutions. https://t.co/BCj84Q87xm"
975982104986169344,2018-03-20 06:27:21,0,R&amp;D Showcase 2018: https://t.co/QUCW9MyCR0 via @YouTube
973064675536470017,2018-03-12 05:14:31,4,"Symposium on Current Trends in Computational Natural Sciences (CTCNS) on Sunday, 25th March 2018. For more details and updates on the event visit https://t.co/Ju0VarJVeM . https://t.co/anJRBHa92Q"
972345585469505536,2018-03-10 05:37:07,1,"Here's a brief overview of the ECD and CSD dual degree programs from faculty, students and alumni. Application deadline 15 March 2018. More details on admissions process at https://t.co/HkBMIfeHt8 https://t.co/WEWuar8mwZ via @YouTube"
972343620966715392,2018-03-10 05:29:19,1,https://t.co/RQcnR7xz19 and MS by Research Dual Degree in ECE and CSE: https://t.co/5ArwA7x30p via @YouTube
972195940713951232,2018-03-09 19:42:29,28,"RT @MozillaIN: Join @mozilla's community meeting on #DataProtection and #Privacy this March 10, 2018, at @iiit_hyderabad. Senior Global Pol‚Ä¶"
971662343401889792,2018-03-08 08:22:09,3,https://t.co/RQcnR7xz19 in Computer Science and Master of Science in Computational linguistics by Research: https://t.co/8ZvWyfkcWg via @YouTube
971371671994028032,2018-03-07 13:07:08,0,"Balancing quantum information processing and his love for rhyme and verse, IIIT-H's poet professor Indranil Chakrabarty shares his views with Edex Live.https://t.co/YMZGXAZRTc"
971268283520385025,2018-03-07 06:16:18,1,https://t.co/RQcnR7xz19 in Computer Science and MS in Computational Natural Sciences by R... https://t.co/jXA8Uglv42 via @YouTube
971264517979205633,2018-03-07 06:01:20,3,https://t.co/RQcnR7xz19 in Computer Science and MS in Computational Natural Sciences by Research Dual Degree: https://t.co/ntLpRvDA81 via @YouTube
970894769311293441,2018-03-06 05:32:06,3,"IIIT-Hyderabad has introduced a Special Channel of Admission (SPEC) for https://t.co/RQcnR7P9SH (ECE/CSE) programmes. 

More details at https://t.co/HkBMIfeHt8

Admission deadline: 15 March 2018 https://t.co/IwfmHRvb9d"
970708220699230208,2018-03-05 17:10:49,2,IIIT-Hyderabad student completes special programme at Massachusetts https://t.co/MbGfDXhRYa via @TelanganaToday
968447921590022144,2018-02-27 11:29:12,5,"RT @HydTimes: TooWeakTooSlow, but in the finals for Olympics of Programming. This trio from @iiit_hyderabad have entered the finals of the‚Ä¶"
968428111560929281,2018-02-27 10:10:28,4,Congratulations Team TooWeakTooSlow. All the best for the finals. The entire #IIITHyderabad community is rooting for you! https://t.co/JNbw6jIfqi
968397945304440833,2018-02-27 08:10:36,6,#iiithyderabad admissions process has been revamped. One third of the UG admission is now through  a separate test UGEE. A new channel for all our dual degree programs (BTech + MS Research).  Application deadline 15 March 2018. https://t.co/icThwtbjCi
968396477629378560,2018-02-27 08:04:46,4,"If you‚Äôre a 2nd year engineering student looking to change colleges, and have a strong desire to work on research problems, consider IIIT-Hyderabad‚Äôs Lateral Entree Admissions. Application deadline 15 March 2018. #iiithyderabad #lateralentry #dualdegree #CSD #ECD https://t.co/Vwp6xkc7qh"
968396013185720326,2018-02-27 08:02:56,0,#RnDshowcase2018 #iiithyderabad Autonomous car by #RRC https://t.co/LY6zBp7tD8
967258718663512064,2018-02-24 04:43:43,0,https://t.co/RQcnR7xz19 and Master of Science by Research in Electronics and Communication Engineering Program: https://t.co/VQuyen9Jhw via @YouTube
967257349655285760,2018-02-24 04:38:17,0,https://t.co/RQcnR7xz19 in Computer Science and Master of Science in Computational linguistics by Research: https://t.co/r11aq8RAwy via @YouTube
967254613199028224,2018-02-24 04:27:25,0,IIIT CLD Out Revised: https://t.co/eN0laEJsAO via @YouTube
966743465425031169,2018-02-22 18:36:18,1,https://t.co/RQcnR7xz19 in Computer Science and Master of Science in Computational Natural Sciences by Research: https://t.co/RG0QYuDIjK via @YouTube
966228613149417472,2018-02-21 08:30:27,0,https://t.co/RQcnR7xz19 in Computer Science and Master of Science in Computational Natural Sciences by Research: https://t.co/6DQ3MJcpNr via @YouTube
966218832770629633,2018-02-21 07:51:35,0,https://t.co/RQcnR7xz19 in Computer Science and Master of Science in Computational Natural Sciences by Research: https://t.co/vU74rfYMxn via @YouTube
966203625268760576,2018-02-21 06:51:10,1,https://t.co/RQcnR7xz19 in Computer Science and Master of Science in Computational Linguistics by Research: https://t.co/fKVonNaVGx via @YouTube
966007417266982913,2018-02-20 17:51:30,1,IIIT-Hyderabad | Felicitation Ceremony for Prof. Raj Reddy: https://t.co/Zg7qelNqOS via @YouTube
962178966428663808,2018-02-10 04:18:36,3,RT @devvarma: Tao Due giving the keynote on how AI is helping software engineering and vice versa @ISECConf  @iiit_hyderabad  #ISEC2018 htt‚Ä¶
959320403549216768,2018-02-02 06:59:42,4,"Distinguished lecture by @MartinHellman2 on The Evolution of Public Key Cryptography. 15 Feb, 4pm @iiit_hyderabad Register for the session at  https://t.co/IJRyZR4m85 https://t.co/yJzmEdqhrk"
957890013244485632,2018-01-29 08:15:50,4,"IIIT-Hyderabad‚Äôs Building Science Research Centre will be conducting a short course on building energy simulation from 12 ‚Äì 16 Feb.
More details at https://t.co/PRLvKMj7gk.
To register visit: https://t.co/OWPQURotCa https://t.co/6xcoHIjmF4"
956467239133224962,2018-01-25 10:02:14,2,"The keynote lecture on Model Based Machine Learning by @ChrisBishopMSFT, Laboratory Director at Microsoft Research Cambridge at the Academic Research Summit, 2018 by @MSFTResearch in @iiit_hyderabad has started.

#ARSummit2018 https://t.co/bjp92faYHQ"
956457976600014848,2018-01-25 09:25:26,0,"A short talk on the State of Art in Deep Learning by Vineeth Balasubramanian, IIT Hyderabad at the Academic Research Summit, 2018 by @MSFTResearch in @iiit_hyderabad.

#ARSummit2018 https://t.co/81PAXx2aWl"
956449907082067968,2018-01-25 08:53:22,0,"A short talk on the State of Art in Unsupervised Learning by Chiranjib Bhattacharya, Indian Institute of Science at the Academic Research Summit, 2018 by @MSFTResearch at @iiit_hyderabad.

#ARSummit2018 https://t.co/Gc73IotfFG"
956448950654873601,2018-01-25 08:49:34,1,"A short talk on the State of Art in Extreme Classification by Manik Verma, Microsoft Research at the Academic Research Summit,2018 by @MSFTResearch at @iiit_hyderabad 

#ARSummit2018 https://t.co/SaDMZ8lX2S"
956396059219050496,2018-01-25 05:19:24,7,RT @devvarma: This slide says it all https://t.co/i3nrxpoj8K
956395551234248704,2018-01-25 05:17:23,2,"RT @devvarma: Explainability is back as research focus where the automated AI systems need to explain the decisions made by them

  @ericho‚Ä¶"
956395465603391488,2018-01-25 05:17:02,4,"RT @devvarma: When human cognition is complimented with machine intelligence, we have a huge improvement in overall productivity - several‚Ä¶"
956393705375608833,2018-01-25 05:10:02,1,"The keynote talk by Eric Horvitz, Director of Microsoft Research Labs at the Academic Research Summit by  @MSFTResearch in @iiit_hyderabad https://t.co/YOymmY49q3"
956114777897500672,2018-01-24 10:41:41,1,"@iiit_hyderabad will host a full-day developers tutorial using an open source implementation of oneM2M on 14 Feb, 9am - 4:30pm. Participation is free, but registration mandatory https://t.co/rT6G7RyJeA https://t.co/2MK766NM64"
956114010381807616,2018-01-24 10:38:38,4,"RT @devvarma: Apt keynote from prof Raj Reddy on AI in the service of humanity at the @Indiaacm @MicrosoftIndia  academic research summit""A‚Ä¶"
956045984739594240,2018-01-24 06:08:19,1,"An intense talk on a future with AI  by Prof. Raj Reddy at the Academic Research Summit,2018 by @MSFTResearch 

#ARSummit2018 https://t.co/c8hg2xYLir"
956040965608919040,2018-01-24 05:48:23,2,"The introductory session of the Academic Research Summit, 2018 by Madhavan Mukund, ACM India

#ARSummit2018 https://t.co/QutoZxXgB1"
956039527348555778,2018-01-24 05:42:40,1,"Professor PJ Narayanan's introductory speech in the Academic Research Summit, 2018 @iiit_hyderabad
 
#ARSummit2018 https://t.co/Y53aVQA7dd"
956028392469561344,2018-01-24 04:58:25,0,The Academic Research Summit 2018 by @MSFTResearch is about to start at @iiit_hyderabad https://t.co/M5aviITv9Q
955403330204782592,2018-01-22 11:34:39,0,https://t.co/TMQJenhnc7
954265237510701056,2018-01-19 08:12:16,2,"IDriverless cars, detachable and re-attachable robots, stair-climbing robots, drones and more. These are just some of the interesting projects from IIIT-Hyderabad's Robotics Research Centre. https://t.co/9eKakdUniQ via @YouTube"
951320014694449154,2018-01-11 05:09:00,8,IIIT Hyderabad establishes Product Lab to connect with market https://t.co/lF3euCOy10
948469090011684866,2018-01-03 08:20:27,1,"@nimmir's research paper on Scaling Classroom IT Skill Tutoring - A Case Study from India has been chosen to be presented at @sigchi 2018 in Montreal, Canada. Noted journalist @Kurmanath, Deputy Editor, The Hindu Business Line reports: https://t.co/FtnhYJnZDA"
945565914098835456,2017-12-26 08:04:16,3,"IIIT-Hyderabad, Honeywell Techteam up for research | Business Line https://t.co/CjHfxwHxa6"
938298058886057985,2017-12-06 06:44:24,5,An interesting perspective on the right to privacy based on a talk delivered by Carnatic vocalist and author T. M. Krishna at IIIT-Hyderabad. https://t.co/48FuNccYND via @thewire_in
938287294011801601,2017-12-06 06:01:38,3,IIIT-H to plug Lab to Land gap https://t.co/Dj9UuNI0YY
933579680245886977,2017-11-23 06:15:15,9,"Learn more about @iiit_hyderabad AI/ML Program @ https://t.co/ADm3KMBE8Y 
""AI will add 2.3 million jobs by 2020"" ~ Gartner. 
AI/ML Advanced Certificate Program launched by IIIT-H ML Lab for software professionals. 15 Weekends | Starting Jan 5. https://t.co/hR9e5iforu"
931010891989991425,2017-11-16 04:07:48,1,Interesting insights from @iiit_hyderabad professor @rameshl1 on how new technologies are changing the job market https://t.co/spkorTZimV
930455198203445248,2017-11-14 15:19:40,1,Prof Vishal Garg's first of its kind book on Building Energy Simulation hits the stands https://t.co/0vVCQiRKOa
928503876633763841,2017-11-09 06:05:49,3,"Open House on @iiit_hyderabad's various research centres and academic programs, with a special focus on ongoing PhD ECE CSE admissions on Monday 13th Nov 5:30pm. Everyones invited. Register now https://t.co/43pCfis670 https://t.co/qDx68uq5Yu"
928173979881259008,2017-11-08 08:14:56,6,It's great to see our alumni making an impact. Congratulations @commutapp for getting selected to in the MAN Truck &amp; Bus Impact Accelerator program https://t.co/LqgXDyE5HE
927168550946476034,2017-11-05 13:39:43,3,"@iiit_hyderabad 10+ year Alumni Meet is here!
Date: 23 Dec, '17
Register: https://t.co/3Ij6S5Jk8E
Alumni Portal:  https://t.co/QYNOrCTbpE https://t.co/EbuV2tNfQx"
926375933476405248,2017-11-03 09:10:08,5,"If you're a company or individual looking to understand the latest advances in AI and how to put them to use, this is a must go https://t.co/GaZDio6oup"
925953110207430656,2017-11-02 05:09:59,1,RT @UniAlliance: @JoJohnsonUK .@oxford_brookes &amp; @iiit_hyderabad to collaborate on Residential building energy demand reduction in India (R‚Ä¶
925952022339129344,2017-11-02 05:05:40,7,"Build AI/ML applications, @iiit_hyderabad ML Lab, 4-month weekend program for IT professionals. More details - https://t.co/rXVnUqThWi https://t.co/K5K8SfaLKN"
925652647276769280,2017-11-01 09:16:03,5,Admissions for PhD progammes in CSE and ECE are open till 25 November 2017. More details at https://t.co/JVJwNShky4 https://t.co/fSQtoJuYV3
923786599816507392,2017-10-27 05:41:03,3,@iiit_hyderabad's 2-day workshop is all set to create awareness about gender-related issues on campus. https://t.co/1enRPjB1wn
923628296872398850,2017-10-26 19:12:00,4,@iiit_hyderabad gender sensitization committee is hosting a workshop on gender awareness on diverse and important issues! https://t.co/KwLoIUzw4y
923627341070221313,2017-10-26 19:08:12,18,RT @devvarma: Cool AI/ML technology from @iiit_hyderabad to detect the conditions of the roads using Computer Vision https://t.co/1X6ntCiR3S
916916478032494592,2017-10-08 06:41:38,14,IIIT Hyderabad is hosting @hydPython PyConf 2017.  #PyConfHyd https://t.co/E4u8xOUbPe
914241979298455553,2017-09-30 21:34:08,5,"Congratulations to the @ecell_iiithyd and @ecell_iith for successfully conducting Megathon'17, the largest student-run hackathon in the city https://t.co/iIc2CDKV2v"
914240393406849024,2017-09-30 21:27:50,4,"RT @devvarma: None other than Jim Foley, pioneer of computer graphics, will be at @iiit_hyderabad for KCIS distinguished talk. Oct 6th. htt‚Ä¶"
913469854115434497,2017-09-28 18:25:59,2,RT @felicity_iiith: The Official Felicity 2017 Aftermovie | Forever Young: https://t.co/WSEZtD8Xsk via @YouTube
913469404188250112,2017-09-28 18:24:12,5,RT @ecell_iiithyd: #megathon https://t.co/IqfT5BQq6S
913468742146736130,2017-09-28 18:21:34,4,"RT @ecell_iiithyd: Congrats to team Not my forte, comprised of Vishal Gupta and Shivam Khandelwal for attaining the position of Winners for‚Ä¶"
910642885988466688,2017-09-20 23:12:37,3,"RT @ecell_iiithyd: IIIT Hyderabad to host Megathon 2017, the largest student Hackathon in Hyderabad¬† https://t.co/3qWtgPFQS0 via @India Edu‚Ä¶"
910642823724097536,2017-09-20 23:12:22,5,RT @ecell_iiithyd: Largest student hackathon at IIIT-Hyderabad https://t.co/iNQLpQdpBP
910642228942356480,2017-09-20 23:10:00,0,https://t.co/UfpVIQaaxM
910593320920875008,2017-09-20 19:55:40,0,Get to participate in Megathon and win prizes. https://t.co/Fmsy2mfvVH
909793377184391168,2017-09-18 14:56:58,0,"Jessica Lynn,founder of ""Your True Gender"",was in campus to raise awareness on Trans* issues and about her journey and struggle. https://t.co/T9nGEv9I8A"
909787933963464704,2017-09-18 14:35:21,4,"RT @ecell_iiithyd: We are proud to announce CIE@IIITH as the Ecosystem Partner for Megathon'17.

 #megathon17
 
 #meet_ideate_hack https://‚Ä¶"
908751376653500417,2017-09-15 17:56:26,3,"RT @iiithf: Training program on #GST by Vaishali Malhotra, Joint Director, NACIN, Hyderabad @iiit_hyderabad . Register now at https://t.co/‚Ä¶"
908751291790237696,2017-09-15 17:56:06,3,"RT @iiithf: Join us for the talk by Prof. Jitendra Malik @iiit_hyderabad . Register at https://t.co/v8Ca64AOoQ 
#IIITHF #UTSAHTalk https://‚Ä¶"
907647557106413569,2017-09-12 16:50:15,1,"Magon Ramsaysay winner,Carnatic musician @tmkrishna delivered a lecture on Private space- singer's workshed. 
https://t.co/AVW209T3qv"
906520360576630785,2017-09-09 14:11:10,1,RT @rameshl1: Utsah Meetup 7th Edition on Robotics. With Prof Madhava Krishna and Kisshhan Psv https://t.co/9AVOJTpAUt
906273106271977472,2017-09-08 21:48:40,1,RT @jaywantg: @tmkrishna on privacy of musicians @iiit_hyderabad @DeccanChronicle @rmafoundation @DecemberSeason https://t.co/xCnxV84vsV
906272487905738752,2017-09-08 21:46:13,5,"RT @iiithf: Apply now to Avishkar at https://t.co/uAViCUmdQG
Partner: @thatscocreation @iiit_hyderabad &amp; IIIT-H Seed Fund https://t.co/A6G5‚Ä¶"
905025606835781633,2017-09-05 11:11:33,3,RT @devvarma: Privacy is not a castle not a prison it is home-profound reflections by @tmkrishna. His lecture @iiit_hyderabad is as intense‚Ä¶
904273720927174656,2017-09-03 09:23:50,6,RT @devvarma: Super thrilled to host @tmkrishna at @iiit_hyderabad for a distinguished lecture on Privacy and the Public Gaze - A Singer's‚Ä¶
903941924947558401,2017-09-02 11:25:23,6,IIIT Hyderabad is hosting @tmkrishna for a distinguished lecture on Privacy and Public gaze- A singer's reflection on 4th Sept 2017. https://t.co/wo4SN50izu
903321140189306882,2017-08-31 18:18:37,0,"@CarnegieMellon Professor Jamie Carbonell speaking on ""Advances in Machine Learning &amp; Big Data with Industrial Applications"" @iiit_hyderabad https://t.co/WBMfiqSHDS"
902961138702225411,2017-08-30 18:28:06,6,"@CarnegieMellon Professor Jamie Carbonell speaking on ""Advances in Machine Learning &amp; Big Data with Industrial Applications"" @iiit_hyderabad https://t.co/c54MgpWepl"
902099884039331840,2017-08-28 09:25:47,5,RT @commutapp: Proud to be a part of this season's #football team of @iiit_hyderabad as the official sponsors. All the best boys! #Commut #‚Ä¶
897148419990446080,2017-08-14 17:30:26,2,RT @HiHyderabad: IIIT-Hyderabad graduates get Rs 13 lakh-Rs 18.8 lakh salary offers https://t.co/qit9zhgjE1 @iiit_hyderabad #Hyderabad
896996506057691136,2017-08-14 07:26:47,7,IIIT Hyderabad had its 16th convocation and graduated 473 of its  students. @drreddys CEO G.V Prasad graced the event as the chief guest. https://t.co/9kSkgkEbNC
896537186207645696,2017-08-13 01:01:36,1,RT @rameshl1: Dr Reddys GV Prasad delivering the convocation address. #iiithyderabad. One interesting journey! So grounded and humble. http‚Ä¶
896282254090973184,2017-08-12 08:08:36,0,"The 16th Convocation is being livestreamed 2:00 PM IST onwards!

Don't miss a single moment:

https://t.co/tfOuzmuX0l"
896274437384830976,2017-08-12 07:37:32,4,IIIT Hyderabad | 16th Convocation Live: https://t.co/TMnpvee2CM via @YouTube
896093185239203841,2017-08-11 19:37:18,0,"Stay tuned at 2:00 PM IST tomorrow for the livestream. Our alumni, parents or students can watch it at: https://t.co/4phO3WfjbF"
896092622971731968,2017-08-11 19:35:04,0,"Shri. G. V. Prasad, CEO, Dr. Reddy's Laboratories Ltd. will deliver the convocation address."
896092353684881408,2017-08-11 19:34:00,3,"The 16th Convocation of IIIT Hyderabad will be held on12th August,2017 at Global Peace Audi, Brahmakumaris Shanti Sarovar, Gachibowli Hyd. https://t.co/xIlMAUSIHU"
893362738864332800,2017-08-04 06:47:29,1,"UG1 students participate in tree plantation drive at @iiit_hyderabad. Technology never stands alone, it is with nature! https://t.co/oJknmVkxWP"
892520661461024768,2017-08-01 23:01:22,11,"#PullelaGopichand addressing the BTech first year students today during their Induction Program at IIIT Hyderabad.
https://t.co/msbEapMAa7 https://t.co/6kSfHdD376"
892442143964319744,2017-08-01 17:49:22,0,"@pullelagopicha1 addressing the BTech first year students today during their Induction Program at IIIT Hyderabad.
https://t.co/msbEaq4byH https://t.co/ji9f8BAvzG"
892439144210718720,2017-08-01 17:37:27,0,"@pullelagopicha1 addressing the BTech first year students today during their Induction Program at IIIT Hyderabad.
https://t.co/7IYhItduFB https://t.co/4H5OBiUljB"
892436001125265408,2017-08-01 17:24:57,0,The Induction Program for the first year https://t.co/RQcnR7xz19 students got under way fabulously with (cont) https://t.co/msbEaq4byH
891996924869435392,2017-07-31 12:20:14,2,"@iiit_hyderabad welcomes its newest members, the UG and PG 2017 batch, Ph.D. and PGSSP students. Hope this college provides fond memories!!! https://t.co/W3Bs5PwDUx"
891552309083123712,2017-07-30 06:53:29,8,"RT @kaiinos: Our work in The Hindu @THexplains https://t.co/6fnHBsQl3y 
Thank you @iiithf @iiit_hyderabad and @OSGeo for the support. https‚Ä¶"
891550308274323457,2017-07-30 06:45:32,9,RT @qualcomm_in: (Part 2)  Qualcomm Innovation Fellowship 2017 winners:@iitkharagpur &amp; @iiit_hyderabad! Congratulations! https://t.co/AyPuW‚Ä¶
888265063009734656,2017-07-21 05:11:08,0,@iiit_hyderabad  organized Student Tech Education Program to promote computer science education in schoolchildren. https://t.co/v6OzrKkjTl https://t.co/Od3WcIfJ64
887814306707853312,2017-07-19 23:20:00,5,"RT @Kurmanath: Invesco signs Co-Innovation MoU with @iiit_hyderabad . To work in #AI , #MachineLearning , #PredictiveAnalytics .
#Artificia‚Ä¶"
885752679103844353,2017-07-14 06:47:49,1,"@businessline did a story on #tech4social initiative by @iiit_hyderabad #CIE for social #startups. Read here:
https://t.co/5aoGbQNGjP"
877538533765824513,2017-06-21 14:47:44,1,A paper published by Harish Yenala and Dr. Manoj Chinnakotla won the best paper award at PAKDD 2017. The paper here: https://t.co/RBQhT7LsTg https://t.co/tQ3JDHGhyy
877160142856347655,2017-06-20 13:44:09,12,"@iiit_hyderabad has the highest number of selections into #GSoC 2017, fourth time in a row. Read: https://t.co/nEUnjn5gHD
Congrats students! https://t.co/HHv6ZgZjkA"
873447204484034560,2017-06-10 07:50:16,6,RT @AINewsFeed: Collaborating with IIIT-H to combat abusive language through deep learning ‚Äì The Microsoft India D... https://t.co/Q22XtKr0‚Ä¶
873429294374047744,2017-06-10 06:39:05,3,Announcement: Application portal for counseling through JEE Main will be reopened at 8:00 AM on June 11th and closed at 5:00 PM on June 13th
873428043246833664,2017-06-10 06:34:07,1,"Admissions : Application portal is being reopened from 11th to 13th June

Read: https://t.co/2PDkJsn8yj"
871308466047950848,2017-06-04 10:11:41,4,RT @devvarma: Hearty Congratulations @rameshl1 for receiving the @telangana state award for Championing the Cause of Start-ups @iiit_hydera‚Ä¶
871308088950759425,2017-06-04 10:10:11,1,RT @HydTimes: @iiit_hyderabad professor wins prestigious award from @MinIT_Telangana https://t.co/9SvBZMLtis
871006422351454213,2017-06-03 14:11:28,1,"Robotics Research Center, @iiit_hyderabad develops modular stair climbing #robots split into smaller bots. Read: https://t.co/yEcd5tcedS"
870568607331176448,2017-06-02 09:11:45,1,Telangana: KTR presents awards for services in IT and ITES https://t.co/lf5eCBF2kV
869866499254607872,2017-05-31 10:41:49,0,Championing the startup cause! https://t.co/maqL5h2qoU
869219118657830912,2017-05-29 15:49:21,1,Dr. Shreyas Saxena gave a talk on Convolutional Neural Fabrics on 23rd May. Dr. Saxena is is soon to join as a researcher at Apple AI. #AI
869199943906414592,2017-05-29 14:33:10,0,"Applications for admission through JEE Mains is open for aspirants. The last date for applying is  to June 5, 2017. https://t.co/oPTllgfB5b https://t.co/xk8aZUUfA6"
868413094543859713,2017-05-27 10:26:30,15,RT @ponguru: Registration open! #SummerSchool on #Privacy and #Security in #OnlineSocialNetworks. Register at https://t.co/oMcjDdqwmd #Prof‚Ä¶
868412733850402816,2017-05-27 10:25:04,4,RT @ponguru: Prof. Anupam joshi @ebiquity @UMBCCC will attend and speak #PSOSMatIIITH Register https://t.co/eFuW6zwSzG Please help spread!‚Ä¶
868411491287879680,2017-05-27 10:20:08,4,RT @TeamIndus: Bhat Dittakavi from 'Bhat's notes' catches up with our team during Moonshot session at Utsah in @iiit_hyderabad : https://t.‚Ä¶
867628687344062465,2017-05-25 06:29:33,1,RT @HappHopper: IIIT Hyderabad plans to introduce a co-innovation hub for #startups to start &amp; expand their business. https://t.co/tUNDCyFt‚Ä¶
867431921520787456,2017-05-24 17:27:40,0,@TeamIndus @TeamIndusLead @iiithf
864443191017168897,2017-05-16 11:31:31,2,"RT @iiithf: Register for the HPPA Open House Session at https://t.co/RpHSg7qZSV . 
#IIITHF #HPPA https://t.co/loKVop60h9"
864431979697119232,2017-05-16 10:46:58,1,"RT @rameshl1: Idea to startup in days NOT months
 
The Fastapps Startup Accelerator, a joint initiative by IIIT-H and  Pramati... https://t‚Ä¶"
864399279254884352,2017-05-16 08:37:02,2,"@iiit_hyderabad creates seed fund network to invest in tech #startups for #AI, #robotics, etc at CIE
https://t.co/Z2XrAJ824B via @indiatoday"
864396335314874368,2017-05-16 08:25:20,0,Hardware Product Prototyping Accelerator Program launched! #robtics #IoT https://t.co/trK8j5mr3Z
864393478071099392,2017-05-16 08:13:59,0,"Dr. Owen Rambow, Senior Research Scientist at @Columbia, gave lecture on syntax representation. Read here:
 https://t.co/QwgIsEc8zi
#NLProc"
864391031298682880,2017-05-16 08:04:16,0,"Farewell to our UG 2K13 batch. Best of luck for your future, which we know is going to be prosperous. @iiit_hyderabad is proud of you all! https://t.co/2hKtsnyUOq"
864387338616655873,2017-05-16 07:49:35,0,Bidding goodbye to our 2K15 batch of PG students. All the best for your future endeavors. Hope you had a good time here at @iiit_hyderabad https://t.co/Mr0rOk2u3w
864384243270635520,2017-05-16 07:37:17,1,"Robotics Research Center presents 3 breakthroughs at @IEEEorg flagship Robotics Conference:
Rise of the machines https://t.co/oDha4knJMP"
862611631921954816,2017-05-11 10:13:34,1,RT @iiithf: Register to the Tech4Social Open House Session @ https://t.co/dWf9caK18i @surgeimpact https://t.co/QJFdXH2aCv
859605360331505664,2017-05-03 03:07:43,4,"RT @varindiamag: @PramatiConnect and @iiit_hyderabad to set up co-innovation hub 
See more at: https://t.co/FUghkFHPKt https://t.co/xGmEHxk‚Ä¶"
858301860460888065,2017-04-29 12:48:04,3,RT @TheOfficialACM: @iiit_hyderabad researchers are working on an AI system to detect the presence of hate speech in tweets. https://t.co/B‚Ä¶
857648233778094080,2017-04-27 17:30:47,1,https://t.co/CCaEJEnXwx
857647497107329024,2017-04-27 17:27:52,5,RT @TOIHyderabad: IIIT-H team develops hate speech detector to track offensive tweets https://t.co/87xoZ3KEmJ
857647430623346689,2017-04-27 17:27:36,3,"RT @StartUpNews101: Two IIIT-Hyderabad students create coupons startup
https://t.co/ELZbTvUTyH
#Startup #News #Tech"
857094073240485890,2017-04-26 04:48:45,2,IIIT-H team develops hate speech detector to track offensive tweets. https://t.co/n16CPNXlIB via @TOIHyderabad
856078431343095808,2017-04-23 09:32:57,6,"RT @CNNnews18: IIIT-Hyderabad announced the creation of a seed fund network to invest in startups in its incubator and elsewhere. 

https:/‚Ä¶"
855100361354362880,2017-04-20 16:46:27,4,"RT @iiithf: Last date to apply for DISHA programme is 30th April, 2017. 

Apply at https://t.co/LxQkdTrvFz 

#IIITHF #DISHA https://t.co/Hg‚Ä¶"
854744500270268417,2017-04-19 17:12:23,1,RT @rameshl1: 4th cohort of CIE@IIITH's Avishkar- Deeptech Accelerator program. Calling applications from early stage deeptech... https://t‚Ä¶
853658779488927744,2017-04-16 17:18:07,2,RT @unityarvind: Awesome to meet #VR #AR enthusiasts @iiit_hyderabad and give a talk on best practices. Thank you @ImaginateNEWS for inviti‚Ä¶
853658733729112064,2017-04-16 17:17:56,18,RT @stpiindia: .@iiit_hyderabad Foundation calls for entries for #incubator programme https://t.co/AgKAWZwrSy
851457832272617473,2017-04-10 15:32:21,13,RT @ponguru: .@facebook event for our #summer #school on #Privacy and #Security in #SocialMedia @iiit_hyderabad https://t.co/gXGdh07FPe htt‚Ä¶
850225909269274626,2017-04-07 05:57:07,3,RT @SERC_IIITH: NewReal is an introductory level #AR and #VR #workshop organised at @iiit_hyderabad on 15th April. Know more &amp; apply https:‚Ä¶
850003728471998465,2017-04-06 15:14:15,10,RT @devvarma: Our paper on Hate Speech Detection voted best poster presentation at @www2017Perth @iiit_hyderabad #ProudMoment #www2017 Cong‚Ä¶
849547356743905283,2017-04-05 09:00:48,1,"RT @felicity_iiith: The Lego Movie | Felicity, IIIT Hyderabad: https://t.co/wN3YBlxbZd via @YouTube"
849194371345825793,2017-04-04 09:38:10,15,"IIIT-H team makes it to ACM-ICPC world finals!
https://t.co/UxwPHBMd6L"
848896980453425152,2017-04-03 13:56:26,4,"RT @iiithf: UG/PG students apply to DISHA at https://t.co/F31MsJAP9T. Dedicated programme, 50k prize and seed fund upto 5 Lakhs. Apply soon‚Ä¶"
848872741390307328,2017-04-03 12:20:07,3,"RT @ibtimes_india: IIIT Hyderabad enters #ACMICPC World Finals

@ICPCNews @iiit_hyderabad
 https://t.co/nQdabiJfi1"
846340804377399296,2017-03-27 12:39:06,4,"Applications for IIIT Hyderabad's School Outreach Program, STEP are now open at https://t.co/nbBB7en4zB https://t.co/AebVvv5YXy"
846332170629111810,2017-03-27 12:04:48,0,The US Consulate as part of the Fulbright Outreach Program visited IIIT-H on March 24 to conduct a seminar on the Fulbright Fellowship. https://t.co/zQiTaW9DtD
844500050831040514,2017-03-22 10:44:36,0,"IIIT-H Foundation Launches Disha ‚Äì A Deep-Tech Products‚Äô Summer Programe For UG/PG students
https://t.co/WsYgNYb1Ol"
841111462257016832,2017-03-13 02:19:34,0,"Hello All! On behalf of SPIC MACAY (Hyderabad chapter) and Cultural Committee, IIIT-H invites you all to a (cont) https://t.co/j9Bx9sxJKT"
840152988735815680,2017-03-10 10:50:56,1,"IIIT Hyderabad was a host to Dr. Owen Rambow, Senior Research Scientist at Center for Computational Learning (cont) https://t.co/PDNB3VWm2u"
840150293031473155,2017-03-10 10:40:13,1,"IIIT Hyderabad hosted Prof Ram Puniyani who delivered a talk on "" Challenges to Indian Democracy"". Prof. (cont) https://t.co/jebtEUqSFp"
840149303800741888,2017-03-10 10:36:17,2,IIIT Hyderabad along with faculty coordinator Dr Tejaswini Madhadushi conducted an LGTBQ panel discussion on (cont) https://t.co/bYfMZYdiLx
840144769464516608,2017-03-10 10:18:16,0,"CCNSB organized their 6th Annual symposium on ""Current Trends in Computational Natural Sciences (CTCNS)"" on (cont) https://t.co/zPsucVMgIx"
840139569085333506,2017-03-10 09:57:36,1,"IIIT-Hyderabad hosted a Distinguished Lecture by Prof Mahan Mj, School of Mathematics, TIFR, Mumbai who (cont) https://t.co/7lTdwVDO6z"
839902288109953024,2017-03-09 18:14:44,0,@rameshl1 Prof. @iiit_hyderabad talks about how Vizag is becoming a finnovation capital. https://t.co/SbFqdO4hDt
839451009252388864,2017-03-08 12:21:31,1,"@BeScholr, one of @iiithf's AVISHKAR startups just got featured on @thenewsminute. Congratulations! https://t.co/sD8zb6gnNe"
839419345797173252,2017-03-08 10:15:42,3,RT @iiithf: CIE@IIITH v2.0.. in its new avatar of being Indias first deep-tech incubator. Launch on March 15. visit https://t.co/gSvlWZLchZ‚Ä¶
839419300070871040,2017-03-08 10:15:31,2,"RT @iiithf: CIE@IIITH Launches ""UTSAH"" a new initiative to connect startups, Research and Industry. More details soon.. https://t.co/Ebxyuy‚Ä¶"
837386794328961025,2017-03-02 19:39:04,2,"'Language Use in Written Dialog: Beliefs, Gender, Social Networks, and Power'  by Dr Owen Rambow of @columbia at IIIT-H on March 3, 2017. https://t.co/kbPLsMnvUg"
836839122572541953,2017-03-01 07:22:49,0,"Kohli Center on Intelligent Systems (KCIS), IIIT Hyderabad and IT, Electronics &amp; Communications Dept, Govt. (cont) https://t.co/v1A1WyADmB"
836838200807198720,2017-03-01 07:19:09,0,OSDG of IIIT Hyderabad and Drupal Hyderabad organised a Code Sprint event this Saturday 25th of February at (cont) https://t.co/BxaK68Yc2b
836491554516684800,2017-02-28 08:21:42,1,RT @devvarma: Measuring social good using AI - talk by  prof mark fox as part of KCIS distinguished talk series @iiit_hyderabad https://t.c‚Ä¶
836279663022374912,2017-02-27 18:19:43,0,IIIT Hyderabad conducted its 16th R&amp;D Showcase on 18th and 19th February 2017. https://t.co/8QR2uaFQMo
836279082149109763,2017-02-27 18:17:25,0,IIIT Hyderabad conducted its 16th R&amp;D Showcase on 18th February 2017. The annual flag-ship event of IIIT (cont) https://t.co/JdLrql8swa
836200686031265794,2017-02-27 13:05:54,3,"IIIT Hyderabad organized a Carnatic music concert by TK.Sisters (Dr.Saroja, Sujatha) on 23rd of February. https://t.co/vevpNwWz5k"
836199388334665732,2017-02-27 13:00:44,0,"IIIT Hyderabad organized a Carnatic music concert by TK.Sisters (Dr.Saroja, (cont) https://t.co/IVMHjpVBd5"
836197773678563329,2017-02-27 12:54:19,0,"IIIT-H hosted talk by Dr. Vinay on ""Performance improvement of Low Power LNA using novel PVT compensation circuit &amp; current-reuse technique"" https://t.co/CzKc4wgQza"
836196981437517824,2017-02-27 12:51:10,0,"IIIT Hyderabad was a host to Dr. Vinay who delivered a talk on """"Performance improvement of Low Power LNA (cont) https://t.co/b5Gwowgjsv"
835054806574092289,2017-02-24 09:12:35,9,RT @ponguru: Will co-organize Summer School on Privacy &amp; Security in Online Social Networks @iiit_hyderabad July 3 - 7 https://t.co/Mb0LyOa‚Ä¶
834649449536237568,2017-02-23 06:21:50,2,RT @rameshl1: IIIT Hyderabad Foundation is announcing a summer programme for students to help built the next big deep-tech... https://t.co/‚Ä¶
834466170057027584,2017-02-22 18:13:33,9,RT @helpnetsecurity: Detecting PLC malware in industrial control systems - https://t.co/esmAz4enVh - @iiit_hyderabad @WaterfallSecure @sutd‚Ä¶
834418404211716096,2017-02-22 15:03:44,1,IIIT Hyderabad was a host to Srinivas Katipamula of Pacific Northwest National Laboratory who delivered a (cont) https://t.co/wW44OgYwUx
834413703487483906,2017-02-22 14:45:04,1,"IIIT Hyderabad in association with Student Technology Education Program (STEP) and Lean In, IIIT Hyderabad (cont) https://t.co/4v0g0Nj8Bt"
834409934057975808,2017-02-22 14:30:05,3,"IIIT invites you to a Carnatic music concert by TK.Sisters  on 23rd Feb at 5:30PM, in Saranga  Hall (119), Nilgiris Building, IIIT-H campus. https://t.co/yMGagl9907"
832551609691279360,2017-02-17 11:25:46,5,"IIIT Hyderabad will be conducting it's 16th R&amp;D Showcase 2017 on  February 18-19, 2017 (Saturday and Sunday), from 10 AM to 5 PM. https://t.co/G2U1BYCapr"
832551376198758400,2017-02-17 11:24:50,0,"IIIT Hyderabad will be conducting it's 16th R&amp;D Showcase 2017 on February 18-19, 2017 (Saturday and Sunday), (cont) https://t.co/YdkExhuzLf"
830092319965589504,2017-02-10 16:33:26,1,"IIIT-H was a host to Prof Nivedita Menon who delivered a talk on ""Is science a 'culture'? Feminist  deconstruction of objectivity"". https://t.co/EzFwMWA41S"
830092239594541057,2017-02-10 16:33:06,0,"IIIT Hyderabad was a host to Prof Nivedita Menon of Centre for Comparative Politics and Political Theory, (cont) https://t.co/Fq18BCVe4B"
829314412313972739,2017-02-08 13:02:18,0,"Register for Girls Code Camp ""Hack Day 2.0"" over here:  https://t.co/5d95W0PCNN https://t.co/OnA4kwaOru"
829314089352577025,2017-02-08 13:01:01,2,"IIIT Hyderabad is pleased to announce that Student Technology Education Program (STEP) and Lean In, IIIT (cont) https://t.co/NpLjd6xS82"
826342807984021504,2017-01-31 08:14:12,0,"IIIT Hyderabad will be hosting Prof Nivedita Menon of Centre for Comparative Politics and Political Theory, (cont) https://t.co/gt1Vvw1eM0"
826342666900107265,2017-01-31 08:13:39,3,"IIIT-H will be hosting Prof Nivedita Menon who will be delivering a talk on ""Is science a 'culture'? Feminist deconstruction of objectivity"" https://t.co/AenCmZt7if"
824613163542867969,2017-01-26 13:41:13,0,IIIT Hyd was a host to Prof. Venkatesan Guruswami who delivered a talk on 'Progress in Error-Correction: New Codes for Old Noise Models'. https://t.co/XUvIamSeG2
824609808867270656,2017-01-26 13:27:53,0,"IIIT Hyderabad was a host to Prof. Venkatesan Guruswami, a distinguished faculty from Carnegie Melon (cont) https://t.co/J35F4nR4ce"
823541500508127238,2017-01-23 14:42:49,1,IIIT Hyderabad will be hosting Prof.Venkatesan Guruswami delivering a talk on 'Progress in Error-Correction: New Codes for Old Noise Models' https://t.co/Cu7TTfbxBQ
821617022165516289,2017-01-18 07:15:37,0,"The Kohli Research Block was inaugurated on Jan 16th, 2017 by ShriK T Rama Rao along with Shri N Chandrasekaran, Shri F C Kohli &amp; Prof Reddy https://t.co/7KhzjH3HKR"
821611683135229952,2017-01-18 06:54:24,1,The Kohli Center on Intelligent Systems (KCIS) was established at International Institute of Information (cont) https://t.co/DRAuxMXOBs
820658192170397696,2017-01-15 15:45:34,0,"IIIT-H IEEE in collab with IEEE Young Professionals, organized an expert talk on 'Sparse representation' by Mr. Vishwanath Saragadam. https://t.co/82M9VGR0xi"
820655957961297920,2017-01-15 15:36:42,1,"IIIT-H IEEE Students' Branch in collaboration with IEEE Young Professionals Hyderabad, organized an expert (cont) https://t.co/LXtF3D0jJN"
820621756289335298,2017-01-15 13:20:47,1,"Inauguration of 'Kohli Research Block' on Jan 16, 2017 10 am onwards at IIIT Hyderabad. https://t.co/84U7XfRAC4"
820615807101177856,2017-01-15 12:57:09,0,IIIT Hyderabad hosted Microsoft Academia Accelerator for this year's first https://t.co/9YVJuZLunJ. There (cont) https://t.co/NpRLWpSQTK
820615689383788548,2017-01-15 12:56:41,1,IIIT Hyderabad hosted Microsoft Academia Accelerator for this year's first https://t.co/9YVJv035fh. https://t.co/UZHBy1R5Zj
820510705346482176,2017-01-15 05:59:31,0,"@iiit_hyderabad will be hosting Dr. Lavanya Ramapantulu on Janurary 18th, 2017 at 104-Himalaya at 4:00PM. https://t.co/h0ZenA0PnZ"
820319373223071744,2017-01-14 17:19:14,1,IIIT Hyderabad hosted Dr. Nandini Sundar. Read more  about the talk as covered by The Hindu over here: https://t.co/ATHl5om8kl
820319304591740930,2017-01-14 17:18:57,0,"IIIT Hyderabad hosted Dr. Nandini Sundar of DSE, DU who delivered a talk on ‚ÄòNot human, not animal‚Äô: does (cont) https://t.co/GOkqh12eBP"
820317775323230208,2017-01-14 17:12:53,7,"IIIT Hyderabad hosted Dr. Nandini Sundar of DSE, DU who delivered a talk on ‚ÄòNot human, not animal‚Äô: does India have room for the adivasi? https://t.co/3WVpGxuVSJ"
819071538179768320,2017-01-11 06:40:46,0,"IIIT Hyderabad hosted a talk on 'Meditation:  Antidote for Stress, Anxiety, and Fear' by Swami Smaranananda Giri. https://t.co/D10xuxXv8y"
819070930441932800,2017-01-11 06:38:22,1,"IIIT Hyderabad hosted a talk on 'Meditation: Antidote for Stress, Anxiety, and Fear' by Swami (cont) https://t.co/qRkGySSYFr"
819069917605470208,2017-01-11 06:34:20,0,IIIT Hyderabad hosted a talk on 'Scalable Multiagent Planning using Probabilistic Inference' by Dr Akshat Kumar. https://t.co/k39EZ5wfno
817416203614289921,2017-01-06 17:03:04,0,IIIT Hyderabad hosted a talk on 'Scalable Multiagent Planning using Probabilistic Inference' by Dr Akshat Kumar. https://t.co/di3TG9fIyt
817415539362594817,2017-01-06 17:00:26,0,IIIT Hyderabad hosted a talk on 'Scalable Multiagent Planning using Probabilistic Inference' by Dr Akshat (cont) https://t.co/qUSl7TUuBp
817414263228624896,2017-01-06 16:55:21,0,"Prof.  P.J. Narayanan, Director, IIIT Hyderabad received the prestigious INAE  Fellowship at New Delhi on December 9th, 2016. https://t.co/RTOGQ95je0"
817413924630962176,2017-01-06 16:54:01,3,"Prof. P.J. Narayanan, Director, IIIT Hyderabad received the prestigious INAE Fellowship at New Delhi on (cont) https://t.co/sDfva6iWL5"
817413457532354560,2017-01-06 16:52:09,0,"Dear All, We're pleased to share that IIIT Hyderabad is now the National Coordinator Institute for the (cont) https://t.co/KkGvsAcieZ"
816690004915290113,2017-01-04 16:57:25,1,IIIT Hyderabad hosted a talk on 'Ill Effects of Drug Abuse and Addiction' in association with Central Bureau (cont) https://t.co/uPO5GDPbfd
816689483127001088,2017-01-04 16:55:20,1,IIIT Hyderabad hosted a talk on 'Ill Effects of Drug Abuse and Addiction'  in association with Central Bureau of Narcotics. https://t.co/wGQIPWRmmh
816685098208636928,2017-01-04 16:37:55,1,"IIIT  Hyderabad hosted a talk on 'A Self-Stabilizing Minimal-Grouping  Algorithm' by Prof. Ajoy Datta of University of Nevada, Las Vegas. https://t.co/OcqJihyH7w"
816684844809912320,2017-01-04 16:36:54,1,IIIT Hyderabad hosted a talk on 'A Self-Stabilizing Minimal-Grouping Algorithm' by Prof. Ajoy Datta of (cont) https://t.co/WUHZL2iarR
816349065042477056,2017-01-03 18:22:38,4,"IIIT-H is hosting a talk by Prof Nandini Sundar, delivering a talk titled  ‚ÄòNot human, not animal‚Äô: does India have room for the adivasi? https://t.co/xgNT0QZHy7"
816348609352466432,2017-01-03 18:20:50,0,"IIIT Hyderabad is hosting a talk by Prof Nandini Sundar, of Department of Sociology, Delhi University who (cont) https://t.co/Dul4Pn85ua"
816316445629890561,2017-01-03 16:13:01,0,"IIIT Hyderabad was a host to  Dr. Shanmukha Ramakrishna Vedantam who delivered a talk on 'Words, Pictures, and Common Sense'. https://t.co/OldmMkgdau"
816315225888751617,2017-01-03 16:08:10,0,Hello All! Central Bureau of Narcotics in association with IIIT Hyderabad is organising a talk on the Ill (cont) https://t.co/IGHlDSPJwR
816315058695393280,2017-01-03 16:07:31,0,"IIIT Hyderabad was a host to Dr. Shanmukha Ramakrishna Vedantam who delivered a talk on 'Words, Pictures, (cont) https://t.co/CKKIe7MlWq"
814533824646418432,2016-12-29 18:09:31,0,"IIIT Hyderabad was a host to Prof. T. Agami Reddy, SRP Professor of Energy and Environment at Arizona State (cont) https://t.co/KaQF4zGkVG"
814533511260405760,2016-12-29 18:08:17,0,IIIT-H was a host to Prof. Agami Reddy who delivered a talk on computing advances are helping next generation building design &amp; operations'. https://t.co/roZjkw9eN6
814338639194886144,2016-12-29 05:13:55,0,"'How computing advances are helping next generation building design and operations' by Prof. T. Agami Reddy of @ASU at IIIT-H today, 3.30 pm https://t.co/XV0u6bAMs1"
814028885666844672,2016-12-28 08:43:04,1,"RT @CEERIPilani: CSIR- Central Electronics Engineering Research Institute, Pilani in collaboration with  IIIT Hyderabad... https://t.co/Avu‚Ä¶"
812553435333545984,2016-12-24 07:00:10,0,And we begin! :D https://t.co/FyJN3npk68
811145502725062660,2016-12-20 09:45:32,1,RT @rahaconf: Divyanshu Goel from @iiit_hyderabad talks about designing of stable humanoids with articulated torso #robotics4good #RAHA2016‚Ä¶
811089617143365633,2016-12-20 06:03:28,0,"IIIT Hyderabad was a host to Dr. Jolly Thomas who delivered a talk on ""The Paradox of Negative (cont) https://t.co/203c4T2Q8Z"
809346757306023940,2016-12-15 10:37:58,3,"RT @ndmaindia: Prof.P. Ramancharla,IIIT Hyderabad presenting surveyed data of buildings in Mandi,Himachal Pradesh.#Disaster https://t.co/q6‚Ä¶"
809292388963418112,2016-12-15 07:01:56,0,"As a part of the IIIT Hyderabad - KCIS outreach program, IIIT Hyderabad hosted Dr. Jennifer Widom, Professor (cont) https://t.co/PbJHt79Dpr"
809289583875735552,2016-12-15 06:50:47,1,"IIIT Hyderabad hosted a ""Design thinking"" workshop on December 1, 2016 at IIIT Hyderabad as part of its (cont) https://t.co/zr6NUwABvS"
809026168548655104,2016-12-14 13:24:04,9,"RT @devvarma: These are the kind of things our dual degree students of @iiit_hyderabad do, for their research :)

https://t.co/8excMepNRT"
808573264893276164,2016-12-13 07:24:23,3,RT @kaiinos: Our collaborative work with IIIT H is in news https://t.co/OOnSy2wz72
803864823423348737,2016-11-30 07:34:43,3,"@iiit_hyderabad is hosting Dr.Jennifer Widom for day-long hands-on Workshop on ""Big Data"" on December 2nd, 2016.
https://t.co/Sqm8lwaecL https://t.co/pkAY2S78Qy"
803864431037972480,2016-11-30 07:33:10,0,"As a part of the IIIT Hyderabad - KCIS outreach program, we're pleased to announce that Dr. Jennifer Widom, (cont) https://t.co/RVP9SmvsD3"
803242122694402049,2016-11-28 14:20:20,0,"@iiit_hyderabad  was a host to Dr.Robin Luke Varghese who delivered a talk  on ""Can Autonomy Replace Consciousness in the Theory Self?"". https://t.co/IK1ewiQ1z3"
803241985574309892,2016-11-28 14:19:47,0,"IIIT Hyderabad was a host to Dr.Robin Luke Varghese who delivered a talk on ""Can Autonomy (cont) https://t.co/pn7IuYwzN3"
802987831136129024,2016-11-27 21:29:52,0,"'Can Autonomy Replace Consciousness in the Theory Self?' on November 28, 2016 by Dr Robin Luke Varghese, Manipal University, Jaipur. https://t.co/Nu4s8RdzAU"
802495139214082049,2016-11-26 12:52:05,2,"IIIT Hyderabad will be hosting a ""Design thinking"" workshop on DECEMBER 1ST at IIIT Hyderabad as part of its (cont) https://t.co/NYUGGfVhP1"
802473890744107008,2016-11-26 11:27:39,0,"@Microsoft https://t.co/P9ORRju7HF is back this year in 2 parts: i) for juniors and ii) for seniors. 
To register:https://t.co/9tMwvc4RmC https://t.co/8roii66AG8"
802473489194070016,2016-11-26 11:26:03,0,"Microsoft https://t.co/P9ORRju7HF is back this year in 2 parts: 1) https://t.co/P9ORRju7HF online, the (cont) https://t.co/5GdJsBiHfs"
801997087705436160,2016-11-25 03:53:00,1,Applications for Ph.D program in the winter research cycle close today. Apply at https://t.co/jL7EYyuWzf https://t.co/qKd7BPefA7
799984886966693888,2016-11-19 14:37:14,2,IIIT Hyderabad hosted Prof. Per Backlund and Marcus Toftedahl from the  University of Sk√∂vde who discussed the notion of serious games. https://t.co/gPGolZHQMX
799984084663484417,2016-11-19 14:34:03,0,IIIT Hyderabad hosted Prof. Per Backlund and Marcus Toftedahl from the University of Sk√∂vde in Sweden who (cont) https://t.co/fJrtdT5oJI
799892503356915712,2016-11-19 08:30:08,0,IIIT Hyderabad was a host to Dr. Moumita Patra who delivered a presentation on 'Improving Delay and Energy (cont) https://t.co/AmFk73K3Ua
799890183353081856,2016-11-19 08:20:55,0,Dr.Moumita Patra  delivered a presentation on 'Improving Delay and Energy Efficiency of Vehicular Networks using Mobile Femto Access Points' https://t.co/ACezweIyUj
798930507354566656,2016-11-16 16:47:31,0,IIIT Hyderabad hosted a special KCIS Talk on Recurrent Neural Networks in Sequence Learning for Dialog (cont) https://t.co/CKpGtupv8a
798458612863483904,2016-11-15 09:32:22,0,KCIS talk on 'Recurrent Neural Networks in Sequence Learning for Dialog Systems' by Dr. Jaideep Ganguly of @amazon at IIIT-H on November 16. https://t.co/gNO7j5Z4OV
797522441408872449,2016-11-12 19:32:21,2,"Research  admissions at IIIT-H are open for the Spring 2017. 
 To apply: https://t.co/qshso6RDBJ
 To know more: https://t.co/jL7EYyuWzf"
797522115364790273,2016-11-12 19:31:04,1,Research admissions at IIIT-H are open for the Spring 2017. Admission is restricted to PhD programme which (cont) https://t.co/lzBiYAVBQo
797071752064954368,2016-11-11 13:41:29,0,"IIIT hosted a talk by  Prof Shobhana L. Chelliah on ""Annotation Conundrums -- examples from Lamkang nominal and verbal morphology."" https://t.co/wPlvdqrdMc"
796774792460455936,2016-11-10 18:01:28,0,"'Improving Delay &amp; Energy Efficiency of Vehicular Networks using Mobile Femto Access Points' on Nov 11, 2016 by Dr Moumita Patra at IIIT-H https://t.co/AYBZaqQVON"
796772779823484928,2016-11-10 17:53:28,0,"Dr. Aniket Alam delivered a talk on ""Geography of its History:Identifying Long Term Patterns in the Indian Sub-Continent"" @iiit_hyderabad https://t.co/UmbZ39c9l6"
796772454362415104,2016-11-10 17:52:11,0,"IIIT Hyderabad was a host to Dr. Aniket Alam who delivered a talk on ""Geography of its History:Identifying (cont) https://t.co/Bok0mN3HLz"
796772400767660037,2016-11-10 17:51:58,0,Today the IIIT Hyderabad Lean In Circle marked their launched on campus! Lean In is a global organization (cont) https://t.co/OzyGuOxagI
796772332647759872,2016-11-10 17:51:42,0,Lean In Circle makerked their launch on IIIT Hyderabad campus! https://t.co/IpRc0k0BRt
796444991509803008,2016-11-09 20:10:57,29,"Talk by @aniketalam on Nov 10, 3.00 pm on 'Geography of its History: Identifying Long Term Patterns in the Indian Sub-Continent' at IIIT-H https://t.co/ymj3qlJe8x"
796342358845464577,2016-11-09 13:23:08,0,"Lean In Circle is organising their introductory meet at Saranga Hall, IIIT-Hyd at 5:30PM on 10th November, 2016. https://t.co/LJR1zeOzCm"
796341694983733248,2016-11-09 13:20:30,0,IIIT-Hyderabad is launching their very own Lean In Circle meet. Lean In Circle is an organization where they (cont) https://t.co/eETYWSZGse
794400643301552128,2016-11-04 04:47:27,0,"IIIT  Hyderabad was a host to  Dr Kalpana Kannabiran, who talked about the genderscapes in  higher education. https://t.co/Yj763pZVvD"
794400620493074432,2016-11-04 04:47:21,0,"IIIT was a host to Dr. Neelam Mansingh Chowdhary who talked about role of theater in society, her experience (cont) https://t.co/tkVxAhfiyU"
794399863094018048,2016-11-04 04:44:21,0,"IIIT Hyderabad was a host to Dr Kalpana Kannabiran, a well known researcher in women and gender studies, she (cont) https://t.co/ckcZF0UFj4"
794399230446039040,2016-11-04 04:41:50,0,IIIT  Hyderabad was a proud host to India School on Internet Governance  (inSIG) at Hyderabad from 31 October 2016  to 2 Nov  2016. https://t.co/oRQhknBXu0
794398926401142784,2016-11-04 04:40:37,0,"IIIT Hyderabad was a proud host to India School on Internet Governance (inSIG) at Hyderabad, Telangana (cont) https://t.co/IG6T6mMblS"
794156377056739328,2016-11-03 12:36:49,1,"IIIT Hyderabad will be host to Prof. Per Backlund and Marcus Toftedahl of University of Sk√∂vde, Sweden on Nov 10th, 2016.
@HogskolanSkovde https://t.co/VUMKtJB1u5"
793524441930080260,2016-11-01 18:45:44,2,"Dr. Kalpana Kannabiran will be talking about ""Exploring genderscapes  in higher education"" of 3rd November at 5:00pm at Himalaya 105. https://t.co/mhG6ea9yZS"
793142940109451266,2016-10-31 17:29:47,0,"IIIT Hyderabad will be host to Dr Pradeep Varakantham of @sgSMU on November 1, 2016. https://t.co/Vv1m8Q0IxE"
793008309577973760,2016-10-31 08:34:49,0,"The first India School on Internet Governance (inSIG) is being hosted at IIIT Hyderabad from 31st Oct to 2nd Nov.

https://t.co/fLchdIsu3l"
792393081131638784,2016-10-29 15:50:07,1,RT @icggoa: Lecture on TECHNOLOGIES FOR SMART CITIES ... by Prof. K S Rajan (IIIT) Hyderabad 10am Mon 31Oct #icggoa #smartcities #technolog‚Ä¶
792044591193157632,2016-10-28 16:45:20,0,"Talk on ""Supervised Class Ratio Estimation"" by Dr. Saketh Nath J on 28th October

Read: https://t.co/90Lb7uR3gX"
792044361697505280,2016-10-28 16:44:25,0,"IIIT Hyderabad was host to Dr. Saketh Nath J, IIT Bombay who presented a talk on ""Supervised Class Ratio Estimation"" on 28th October 2016. https://t.co/IrfjPaPxKZ"
791562909830684672,2016-10-27 08:51:18,0,IIIT Hyderabad showcased its fitness quotient on Oct 22 in a 5k run organised by the Physical Education Center and the four student Houses. https://t.co/Jb14Kb6tCb
791561495100350465,2016-10-27 08:45:41,0,"IIIT Hyderabad will host a talk by Dr.Samudragupta Bora, Mater Research Institute on 'Preterm Birth and Neurocognitive Outcomes' on Oct 28. https://t.co/xhFHJ09Uaf"
791464935557505024,2016-10-27 02:22:00,0,"IIIT Hyderabad will be host to Dr Saketh Nath J, @iitbombay. Dr Nath will present his talk on 'Supervised Class Ratio Estimation' on Oct 28 https://t.co/xtenOrvJoA"
791142034782490624,2016-10-26 04:58:54,0,"Talk on ""Fine-grained Recognition using Pose-normalization"" by Dr. Ryan Farrell

Read: https://t.co/YdJ2T5hnqk"
791141623514234880,2016-10-26 04:57:16,0,"IIIT Hyderabad hosted a talk by Dr.Ryan Farrell on ""Fine-grained Recognition using Pose-normalization""on 22nd October 2016. https://t.co/J7EyMJixFS"
790602568435019776,2016-10-24 17:15:15,1,"Glimpses from the ""Thinking Social"" seminar that was successfully held with a huge turnout at IIIT Hyderabad on 23rd October, 2016. https://t.co/RzaYZcianu"
790427762796396544,2016-10-24 05:40:38,0,"""High Performance Architectures for Adaptive Equalizers"" By Dr. Surya Prakash

Read: https://t.co/kyBI0YW6AQ"
790426898153115648,2016-10-24 05:37:12,0,"IIIT Hyderabad hosted a talk by Dr. Surya Prakash on ""High Performance Architectures for Adaptive Equalizers using Distributed Arithmetic."" https://t.co/CF2mHKJsSq"
790137457027133440,2016-10-23 10:27:04,0,"IIIT Hyderabad will be host to Dr. Ryan Farrell of @BYU on October 25, 2016. https://t.co/I2LdNJlRbl"
789860319606689792,2016-10-22 16:05:49,0,"IIIT Hyderabad would host a talk on 2nd Nov by Padmashri Dr Neelam Mansingh Chowdhry on 'Navigating spaces:The role of theatre in society."" https://t.co/aFwJmhpSwE"
788682856721547264,2016-10-19 10:07:00,1,"A smart virtual tour guide by researchers at CVIT, IIIT Hyderabad! https://t.co/f532g0i8Ft"
787974014622760960,2016-10-17 11:10:19,0,A ‚ÄúThinking Social‚Äù seminar on 23rd Oct in association with IIM Calcutta Innovation Park and iB Hubs and in partnership with the TATA group. https://t.co/jJWLUkd4oi
787291795034034176,2016-10-15 13:59:25,0,"IIIT Hyderabad was host to a talk on ""Next generation Wireless technologies"" by Manish Kothari, VP, Qualcomm on 13th October 2016. https://t.co/zzxtc5OlpI"
787290367003590657,2016-10-15 13:53:45,0,"Talk on ""Next generation Wireless technologies"" By Manish Kothari, VP, Qualcomm

Read: https://t.co/zcNHvFzL1k"
786508971917975552,2016-10-13 10:08:46,1,"On the occasion of Navratri, the masses at IIIT Hyderabad grooved to traditional beats at the Garba Night organized on 7th October. https://t.co/bzUdeSf5pz"
784474394806452225,2016-10-07 19:24:05,0,"IIIT Hyderabad hosted a talk on 7th Oct by  Dr. Ashwin Ashok, Georgia State University on ""Emerging Mobile Cyber-Physical Systems."" https://t.co/2kmrASEH92"
784472575023968256,2016-10-07 19:16:51,0,"Talk on ""Emerging Mobile Cyber-Physical Systems"" by Dr. Ashwin Ashok

Read: https://t.co/PvyRzO9XY6"
784472227336945664,2016-10-07 19:15:28,0,"IIIT Hyderabad hosted a talk on 6th Oct by Prof. Madhav Gadgil, Goa University on ""Human Knowledge: An Evolutionary Perspective."" https://t.co/NVS5LZK5UI"
784469779918811140,2016-10-07 19:05:44,0,"""Human Knowledge: An Evolutionary Perspective'"" by Prof. Madhav Gadgil

Read: https://t.co/EixoS1HfOH"
783939476011614208,2016-10-06 07:58:30,0,"IIIT-H will be hosting Prof. Ashwin Ashok who will be presenting  a talk on ""Emerging mobile cyber-physical systems"" on  October 7, 2016. https://t.co/v87lJ622e9"
783939154543378432,2016-10-06 07:57:13,0,"IIIT-H will be hosting Prof. Madhav Gadgil who will be  presenting a talk on ""Human Knowledge: An evolutionary perceptive""on October 6. https://t.co/c6tizz8tAt"
783663995580354562,2016-10-05 13:43:50,0,IIIT Hyderabad was a host to 65 MCA students of Bharati Vidhyapeeth College. https://t.co/7vl6L0FqS7
783661157005615105,2016-10-05 13:32:34,0,"Prof. P. Krishna Reddy, ITARD &amp; CDE, IIIT Hyderabad gave an invited talk on ""A Framework to Compute Similar (cont) https://t.co/tBZzl5fM0Q"
782941822364422144,2016-10-03 13:54:11,0,"STEP is organising a Non-Formal Sanskrit Course Starting from October 3rd, 2016. To know more visit: https://t.co/nbBB7en4zB"
782941420650958848,2016-10-03 13:52:35,0,"Student Technology Education Program (STEP), IIIT Hyderabad announces a 110-hour non-formal Sanskrit (cont) https://t.co/e72PWKnt8d"
781797919519223812,2016-09-30 10:08:43,0,IIIT  Hyderabad hosted a talk on 'Modeling and Optimization of Low power VLSI  Circuits' by Dr. Zia Abbas. https://t.co/ZyPPrySexe
781797792364781568,2016-09-30 10:08:13,0,IIIT Hyderabad hosted a talk on 'Modeling and Optimization of Low power VLSI Circuits' by Dr. Zia Abbas. He (cont) https://t.co/kFk4F8Rozt
781794002546720768,2016-09-30 09:53:09,0,Intuit conducted a Hackathon at IIIT Hyderabad on Information Security in organisations and conducted several activities. https://t.co/Xw1OEEcS4m
781793938940329984,2016-09-30 09:52:54,0,Intuit conducted a Hackathon at IIIT Hyderabad on Information Security in organisations and conducted (cont) https://t.co/HDdwvEL3ws
781789824877330432,2016-09-30 09:36:33,0,"EERC,as established centre at IIIT Hyderabad  organised a one-day Workshop on 'Earthquake Resistant Design of Structures' on 24th September. https://t.co/ez7xM6IlVB"
781788806894747648,2016-09-30 09:32:31,0,"EERC, as established centre at IIIT Hyderabad organised a one-day Workshop on 'Earthquake Resistant Design (cont) https://t.co/PHm0BD2f4u"
781786731955695617,2016-09-30 09:24:16,0,"The Earthquake Engineering Research Centre (EERC), IIIT Hyderabad organized a 5-day course on Earthquake Resistant Design  of Buildings. https://t.co/zMcteUHjCn"
781783236896751616,2016-09-30 09:10:23,0,"The Earthquake Engineering Research Centre (EERC), a research centre of IIIT Hyderabad organized a 5-day (cont) https://t.co/Di7kmYkhor"
780772620098637824,2016-09-27 14:14:33,1,IIIT Hyderabad conducted a Tug of War event on 23rd September on the occasion of Onam festival. https://t.co/0xg4tWYF3f
780679549172363264,2016-09-27 08:04:43,0,"IIIT Hyderabad will be host Dr Zia Abbas on September 29, 2016. https://t.co/3CZ891uD9r"
779725610377707525,2016-09-24 16:54:06,0,Dr. Debashree Ghosh from CSIR-National Chemical Laboratory gave a talk on 24th Sep. The talk was about (cont) https://t.co/64IcFicykF
779725285713379328,2016-09-24 16:52:49,0,IIIT Hyderabad was a host to Dr.Mukulika Maity who delivered a talk on TCP Download Performance (cont) https://t.co/HpisUZn66U
779723678120546304,2016-09-24 16:46:26,0,"IIIT Hyderabad, in association with the LitClub Hyderabad hosted 'An evening of poetry"" featuring working of (cont) https://t.co/4HnJlTlwXl"
778595938113687552,2016-09-21 14:05:11,4,RT @iiithf: The IIIT-H Foundation opens up the Launch Pad a co-working space for early stage start-ups  https://t.co/spzgjPA3Fc https://t.c‚Ä¶
778595796123955200,2016-09-21 14:04:38,1,RT @devvarma: Great to see e-cells of two great tech schools in India @iiit_hyderabad and @IITHyderabad working together for  this fabulous‚Ä¶
778595537398276096,2016-09-21 14:03:36,0,IIIT Hyderabad will be host to Dr. Mukulika Maity of @iitbombay on September 23. https://t.co/9nzkpRC5xS
778339131831136256,2016-09-20 21:04:44,1,"IIIT-Hyderabad and E-Cell, IIIT Hyderabad hosted the largest student organised Megathon for startup enthusiasts! https://t.co/5aWfq79dt9"
778193507420868608,2016-09-20 11:26:04,0,"Megathon, the largest student-run hackathon in Hyderabad was organized by the joint collaboration of E-Cell, (cont) https://t.co/gUXIzbOTf9"
778176437190856704,2016-09-20 10:18:15,0,"IIIT Hyderabad will be host to Dr Debashree Ghosh of @csir_ncl on Sept 24, 2016. https://t.co/FNvoskxP5U"
777096489319358464,2016-09-17 10:46:55,2,Dr.Pawan Kumar delivered a talk on High-performance solvers for PDE simulations' at IIIT Hyderabad. https://t.co/rtHzhCeMtS
776110115283841024,2016-09-14 17:27:25,0,Dr.David A Maltz of Microsoft Azure presented his talk on 'Connecting  the Cloud: Azure's Software Defined Network'. https://t.co/yU2IKw7gAv
776108508429230080,2016-09-14 17:21:02,1,Dr. Makarand Tapaswi of the Uni of Toronto presented a talk on 'Stories by Joint analysis of language and vision'. https://t.co/zcTRbsSSMd
775974128641683456,2016-09-14 08:27:03,1,Dr. David A. Maltz of Microsoft @Azure in IIIT-H to talk on 'Connecting the Cloud: Azure‚Äôs Software Defined Network' https://t.co/soVTYTic5c
775599869843034113,2016-09-13 07:39:53,2,"IIIT is proud to announce that Prof.Vishal Garg,Centre for IT- Building  Sciences is nominated as a Fellow of Indian Green Building Council."
775572642417868801,2016-09-13 05:51:42,2,"IIIT Hyderabad was a proud host to Dr Mohammed Eunus Ali of BUET, Dhaka. He talked about the modelling in 3D world. https://t.co/EjICkepJYd"
775098389369204736,2016-09-11 22:27:11,1,"Dr Ali of BUET, Bangladesh will be presenting his talk on 'Visibility Queries in 3D World' today at IIIT-H today. https://t.co/9U5KlFsXXz"
775002295528402944,2016-09-11 16:05:20,0,IIIT Hyderabad celebrated Teachers' Dayto appreciate the teachers who inspire hope &amp; ignite imaginations of students https://t.co/mod2TJJF1k
774997467473383425,2016-09-11 15:46:09,0,"At IIIT Hyderabad, we celebrate all festivals with great fun and frolic!Wishing everyone a blessed Ganesh Chaturthi! https://t.co/ff1bUXRfg1"
774922450450604032,2016-09-11 10:48:04,0,"IIIT Hyderabad will be host to Dr. Makarand Tapaswi, Post-doctoral fellow at @UofT https://t.co/stQuo7Nmwb"
774701442988847105,2016-09-10 20:09:51,4,RT @IQLECT: With IIIT HYD Prof Kamal K at #VLDB2016  #iqlect https://t.co/XfikeXllEo
773359905847640064,2016-09-07 03:19:04,1,EERC with IIIT Hyderabad is organising a one Day Workshop  on Earthquake Resistant Design of Structures. Enroll now! https://t.co/DRjiwjyHE5
773359436286963712,2016-09-07 03:17:12,1,"EERC is organising a short course on  Earthquake Resistant Design of Buildings!
To register: https://t.co/wrWRsgDwcq https://t.co/a4I42fqahX"
773358965912588289,2016-09-07 03:15:20,0,"EERC and IIIT Hyderabad is organising a one Day Workshop on Earthquake Resistant Design of Structures.
 To register: https://t.co/PWEhBCgNUj"
773358156378275840,2016-09-07 03:12:07,1,"Faculty talks, dance performances and music performances, IIIT Hyderabad's 18th Foundation day was a blast! :D https://t.co/8Gucmo529g"
773028149877702656,2016-09-06 05:20:47,0,IIIT Hyderabad turned 18th this 2nd September 2016! We celebrated in a grant fashion! Check out all the fun frolic: https://t.co/69X0zra6SM
769151619489468416,2016-08-26 12:36:50,0,"""The Evolution of Electronic Design Automation"" by Dr. Raj Shekher Mitra

Read: https://t.co/3BqF2YllTj"
769151100234498048,2016-08-26 12:34:47,0,IIIT Hyderabad was host to Dr. Raj Shekher Mitra on 26th August 2016. https://t.co/zHDASwXeIG
768871902739832833,2016-08-25 18:05:21,0,"""Symbiotic Robot Autonomy and Learning‚Äù by Prof. Manuela Veloso, CMU on 22nd Aug

Read: https://t.co/DhzYRE770v"
768871672661233665,2016-08-25 18:04:26,3,"IIIT Hyderabad was host to a  KCIS Distinguished Lecture by  Prof. Manuela Veloso, CMU on 22 August 2016 https://t.co/1yjFaUk8LU"
768870426344914944,2016-08-25 17:59:29,0,"'Signal Processing on Graphs' by Prof. Jos√© M. F. Moura, CMU on 22nd Aug

Read: https://t.co/aAFATkzTdr"
768870062321053697,2016-08-25 17:58:02,1,"IIIT Hyderabad was host to Prof. Jos√© M. F. Moura, Carnegie Mellon University on 22nd August 2016. https://t.co/lm7ztunUwn"
768754918635155456,2016-08-25 10:20:30,0,"""The Evolution of Electronic Design Automation -- Past, Present and Future"" on 26 Aug '16 by Dr Raj Mitra at IIIT-H https://t.co/N5Vw0rwEJA"
767726522291453952,2016-08-22 14:14:01,1,RT @iamitsy: Amazing facility at T Hub in IIIT Hyderabad.  Hands down the best innovation set up I have seen. @THubHyd https://t.co/BrvAYqg‚Ä¶
767726060603486208,2016-08-22 14:12:11,2,RT @devvarma: Prof Manuela Veloso @iiit_hyderabad gave distinguished lecture on Robot Autonomy. Robots can use human intelligence https://t‚Ä¶
767726041540403201,2016-08-22 14:12:06,3,"RT @devvarma: Prof Jose Moura, CMU on how signal processing techniques and tricks can be applied in data science @iiit_hyderabad https://t.‚Ä¶"
767440490379694080,2016-08-21 19:17:25,4,Prof. Jos√© Moura of @CarnegieMellon will be presenting a talk on 'Signal Processing on Graphs' at IIIT-H on Aug 22. https://t.co/sqpAFl4tkA
766741004670173184,2016-08-19 20:57:55,1,"'Symbiotic Robot Autonomy and Learning' by Dr Veloso of CMU on Aug 22

Read: https://t.co/rmlyxOOCSH"
766740089816788992,2016-08-19 20:54:17,1,"IIIT Hyderabad will be host to Dr Manuela Veloso of @CarnegieMellon on Aug 22, '16 https://t.co/zzLFg5D3GC"
766184809383075840,2016-08-18 08:07:48,0,https://t.co/lemxxn2Bk0
766181884191731712,2016-08-18 07:56:10,0,"IIIT Hyderabad was host to Dr. Anurag Rimzhim, Central Connecticut State University CT, USA who presented a (cont) https://t.co/FNQ5jy2jyW"
766181495128023040,2016-08-18 07:54:38,1,"IIIT Hyderabad was host to Dr. Anurag Rimzhim, Central Connecticut State University CT, USA on 11th August 2016. https://t.co/BhDbSXmUqC"
766147785771003905,2016-08-18 05:40:41,1,"Sunday, 7th August marked another successful chapter in the MEET YOUR ALUMNI series with Vipul Kedia, Batch of '99! https://t.co/0KdcIx4GGR"
765625536643145728,2016-08-16 19:05:27,1,IIIT Hyderabad is thrilled to welcome Dr Sujit Gujar who has joined IIIT-H as Asst Professor. Welcome @royalsujit ! https://t.co/puEzmZakTq
765249016888164352,2016-08-15 18:09:17,1,IIIT Hyderabad celebrates India's tryst with destiny. Jai Hind! https://t.co/wPmjheJYbr
764723181223497728,2016-08-14 07:19:48,31,"RT @amitabhk87: A wonderful visit 2 a unique institution -@THub incubator 4 Startups in Hydbd. Selfie pic by Ramesh,a young CEO https://t.c‚Ä¶"
764723131340599296,2016-08-14 07:19:37,3,RT @devvarma: Great interaction with @amitabhk87 man behind #startupindia @NITIAayog CEO at @THubHyd in @iiit_hyderabad campus https://t.co‚Ä¶
764723109790310400,2016-08-14 07:19:31,8,RT @devvarma: Thank you so much @RonnieScrewvala for your visit to @iiit_hyderabad and a wonderful convocation speech. https://t.co/l0yWHUV‚Ä¶
764722317008056320,2016-08-14 07:16:22,13,"A saga ends. Another begins! 
Pictures from the 15th annual convocation of IIIT Hyderabad on 13th August, 2016. https://t.co/RmkAvoZq7y"
764721342646059008,2016-08-14 07:12:30,1,"RT @rameshl1: UTVs Ronnie Screwvala. Pleasure listening to him. So grounded!! From the #IIITHyderabad convocation, brief visit... https://t‚Ä¶"
764721323356532736,2016-08-14 07:12:25,2,"RT @krsinghal: IIIT Hyderabad Convocation Ceremony - 13 August 2016.
My daughter Deepti Singhal getting her Ph. D. degree. https://t.co/NFN‚Ä¶"
764721173590528000,2016-08-14 07:11:50,3,RT @devvarma: Fantastic invention from Gayam brothers @iiit_hyderabad alumnus battery powered bicycle 50km range https://t.co/NN2HOPfuu5
764103698238713856,2016-08-12 14:18:12,1,The Convocation Ceremony of IIIT Hyderabad shall be broadcasted live at https://t.co/PwWQP3v0ln
764034702281814017,2016-08-12 09:44:02,1,RT @rameshl1: So thrilled to see this.  Have always wanted IIITHyderabad innovator (CIE) to be more out there. In public.... https://t.co/j‚Ä¶
764034667028754433,2016-08-12 09:43:54,1,RT @rameshl1: We welcome you to the series of information posters on the research departments of IIIT Hyderabad. Stay tuned for... https://‚Ä¶
764034612368580608,2016-08-12 09:43:41,1,"RT @Samahaara: Samahaara Street Theatre Wing at IIIT, Hyderabad. 07th August 2016. https://t.co/VqcJTGmWer"
764022148469891072,2016-08-12 08:54:09,4,"15th Convocation of IIIT-H on 13th August 2016.
@RonnieScrewvala, Founder UTV will deliver the convocation address. https://t.co/bCc4gbvRuQ"
763329713079062528,2016-08-10 11:02:40,25,"RT @MinIT_Telangana: Noted Scientist, Chairman of @iiit_hyderabad Prof Raj Reddy met Minister KTR at Hyderabad. https://t.co/zLwdw1LVEZ"
763118395453603840,2016-08-09 21:02:58,0,"@campuspartyind comes to IIIT Hyderabad! 
The buzz begins today, 5 pm to 7 pm at IIIT campus, Gachibowli, Hyderabad. https://t.co/HiRKIdxiAA"
762252596568403968,2016-08-07 11:42:35,0,"KCIS Symposium on 'AI &amp; Society' in the news.
Read: https://t.co/muIxAfKjJ5"
762251846152925184,2016-08-07 11:39:36,0,https://t.co/H8hRA5fdsb
761994545441759232,2016-08-06 18:37:11,0,"Press Release: KCIS Symposium on 'AI &amp; Society' at IIIT Hyderabad

Read: https://t.co/tZGenrPMvh"
761987323479203841,2016-08-06 18:08:29,0,"Pictures from the 1st KCIS symposium on ‚ÄòAI &amp; Society‚Äô held at IIIT Hyderabad today, August 6 ‚Äô16. https://t.co/1pXPoi1Yis"
761185789577351168,2016-08-04 13:03:29,5,"IIIT-H &amp; Kohli Center on Intelligent System (KCIS) present KCIS Symposium on 'AI &amp; Society' at IIIT-H on Aug 6, 2016 https://t.co/FiZKlihW4j"
760518838387548160,2016-08-02 16:53:15,1,"Meet with student mentors, alumni, faculty and Day 1 of classes. The buzz has begun for the batch of 2016! https://t.co/bArzF5874o"
759847015639420928,2016-07-31 20:23:40,0,"And, another journey begins today. Welcome, UG2K16! https://t.co/ywAEg8hgg4"
759380258290225152,2016-07-30 13:28:56,4,"Pictures from the talk 'Computer Vision @ Facebook' by Dr Manohar Paluri, of Facebook AI on July 26, 2016. https://t.co/02h8Up3DHq"
759101812439977984,2016-07-29 19:02:30,0,"IIIT Hyderabad host to Chiranjib Mukhopadhyay, HRI- Allahabad

Read: https://t.co/LW0CHlW1UE"
759101043946893312,2016-07-29 18:59:26,0,"IIIT Hyderabad host to Chiranjib Mukhopadhyay of Harish Chandra Research Institute, Allahabad. https://t.co/qN64cQsEde"
757928462560665600,2016-07-26 13:20:01,2,"IIIT-H welcomes Dr @aniketalam! 
Dr Alam has joined as a Visiting Professor at the Center for Exact Humanities. https://t.co/i0GSwqnk92"
757816201930092544,2016-07-26 05:53:56,0,"Dr Manohar Paluri, Research Lead at @facebook AI Research at IIIT Hyderabad. https://t.co/K68Hy2RJc2"
757475573996412928,2016-07-25 07:20:24,2,"Interview of Dr Vasudeva Varma (Dean, R&amp;D, IIIT-H) to Machine Learning India. Read: https://t.co/wlvcTDoA8q
@devvarma @ml_india"
756006034385371137,2016-07-21 06:00:59,0,"Aviruch Bhatia, Ph.D student at IIIT-H selected for BHAVAN internship program

Read: https://t.co/mrotQGAquT"
753118762568654848,2016-07-13 06:47:59,2,"'Automated system for glaucoma detection'. Research of Dr Jayanthi Sivaswamy, IIIT-H at https://t.co/JuYKo4r3eU https://t.co/JW79a9aQk6"
753117709542514688,2016-07-13 06:43:48,3,RT @devvarma: Overwhelming response:summer school on deep learning at @iiit_hyderabad 250 participants after competitive selection https://‚Ä¶
751322673108684800,2016-07-08 07:50:58,0,"IIIT Hyderabad host to Dr Purshotam Sharma of @OfficialPU on July 7, 2016. https://t.co/orgo97ZUFw"
748390685234036737,2016-06-30 05:40:18,1,"Prof P. Krishna Reddy presented his talk on his project 'eSagu' at Sunchon National University, Korea on June 22,'16 https://t.co/047rdpFuqT"
748390200410255361,2016-06-30 05:38:22,0,"Prof P. Krishna Reddy of IIIT Hyderabad at WCCA¬∑AFITA 2016, Sunchon, Korea.

Read: https://t.co/DnXTuILwzH"
748068047617990656,2016-06-29 08:18:15,1,"Its a hat-trick at @gsoc! 
Read: https://t.co/iAYZ7dWNJx https://t.co/lCOV6DgTba"
747691374292664320,2016-06-28 07:21:29,0,"International Yoga Day celebrations at IIIT Hyderabad on June 21, 2016. https://t.co/KCkzGkHmYN"
745655233729138688,2016-06-22 16:30:35,1,"Pictures from Day 2 of the Indo Norwegian ICT Workshop on June 22, 2016 at IIIT-H. 
@IndiaDST @NTNU @RCN_Norway https://t.co/YZVjTcCv1C"
745503496602976261,2016-06-22 06:27:39,1,"RT @ChadaramSivaji: Indo-Norway Brainstorming on ICT at IIIT, Hyd continues 0n 22June2016! Organized by @IndiaDST @Ashutos61&amp;  RCNorway! ht‚Ä¶"
745502400895553536,2016-06-22 06:23:17,5,RT @ChadaramSivaji: @IndiaDST @Ashutos61 https://t.co/QAV4da6ecL Indo-Norway Brainstorming on ICT at IIIT Hyderabad on 21 June 2016 organiz‚Ä¶
745324387524612096,2016-06-21 18:35:56,0,"Pictures from Day 1 of the Indo Norwegian ICT Workshop held at IIIT Hyderabad on 21st June, 2016. @NTNU @RCN_Norway https://t.co/epVtcF8Q5h"
744927106254135296,2016-06-20 16:17:16,0,"Dr Amitash Ojha, Kyungpook National University, South Korea at IIIT Hyderabad

Read: https://t.co/c4bnwxp9Iu"
744926611116556288,2016-06-20 16:15:18,0,"Dr Amitash Ojha, School of Electronics Engineering, Kyungpook National University, South Korea at IIIT Hyderabad https://t.co/P6K6tfuM0k"
744816957380132864,2016-06-20 08:59:35,0,"Indo Norwegian ICT Workshop at IIIT Hyderabad on June 21, 2016.
Details: https://t.co/0F6HWtx8nL 
@NTNU @RCN_Norway https://t.co/Bhzxd6hwu9"
744151181103140864,2016-06-18 12:54:01,0,"Ms Naini Arora's talk at Friese Kunstlerhaus, Hamburg. 
https://t.co/qBZyq8M16N"
744150608962260992,2016-06-18 12:51:45,0,"Naini Arora of IIIT-H exhibited her artworks in a show at museum Schloss Agathenburg, Hamburg in April-May '16. https://t.co/cnAoySP6aa"
743336817110376451,2016-06-16 06:58:02,1,Design a Logo for Kohli Center for Intelligent Systems. Send your entries at kcis@iiit.ac.in. Contest ends June 26. https://t.co/ijXHF47blR
742061888834506752,2016-06-12 18:31:55,2,"PLO finalists will represent India at International Linguistics Olympiad to be held from July 25-29, 2016. https://t.co/pqa7RuFAfk"
742059872636801024,2016-06-12 18:23:55,0,"Panini Linguistics Olympiad (PLO) finals held at IIIT Hyderabad on June 11, 2016

Read: https://t.co/a03x9wM4NC"
740799055811514369,2016-06-09 06:53:52,0,"Dr G. Syamasundar Reddy, Professor, IIIT-H's work in Water Harvesting and Bio waste management features in media.
https://t.co/uwYv3EjOMP"
740455967373045760,2016-06-08 08:10:34,0,"Sangeet Natak Academy awardee &amp; IIIT-H Prof, Shri Nand Kishore Acharya interviewed by the Deccan Chronicle.
Read: https://t.co/1isdygbVan"
738341549071839233,2016-06-02 12:08:37,2,"Dr. Ramancharla Pradeep Kumar, EERC, IIIT Hyderabad announces course on NPTEL. 
Details: https://t.co/8f6dcPARqz https://t.co/HJ7CM9DAQE"
737991679966334976,2016-06-01 12:58:22,0,"Student Short Course on Earthquake Resistant Design of Buildings under the aegis of EERC, IIIT-H concluded on May 19 https://t.co/KOXa6gWMh0"
737581143063547904,2016-05-31 09:47:02,1,"Interview of Dr Vasudeva Varma, Dean (R&amp;D- IIITH) with the Indian Express. 
Read: https://t.co/A4KHb5CX1T"
736227219773751301,2016-05-27 16:07:02,2,A few pictures from the 'Confluence Hyderabad' event at IIIT-H on May 21. https://t.co/2BPYktCrCg
735413147440414720,2016-05-25 10:12:12,0,"IIIT Hyderabad host to Dr. Anisur Rahaman Molla, University of Freiburg, Germany

Read: https://t.co/uij4YbET11"
735412776387117056,2016-05-25 10:10:43,0,"IIIT Hyderabad host to Dr. Anisur Rahaman Molla, Department of Computer Science at University of Freiburg, Germany. https://t.co/vmjCIqaxew"
734634272536068096,2016-05-23 06:37:14,0,"Applications open for Language Technology Resource Center's workshop.

Read: https://t.co/BFWLSWIqzm"
733627343495892992,2016-05-20 11:56:03,0,"IIIT Hyderabad - Blazing New Trails.
https://t.co/08rmPdv4X3"
732592842330230784,2016-05-17 15:25:19,1,https://t.co/mQBo4Dpc9F
731629521657565185,2016-05-14 23:37:25,0,Design a Logo for the upcoming ‚ÄòKohli Center for Intelligent Systems‚Äô at IIIT-H. Contest ends May 25! https://t.co/XkdXQeVCHD
731086881006485504,2016-05-13 11:41:10,0,"Dr P K Reddy on chair of Data Science for Agricultural Decision Support Systems

Read: https://t.co/o4BaaJcZ9t"
730849230886195202,2016-05-12 19:56:49,0,"Message from Prof. Narendra Ahuja, Governing Council- IIIT Hyderabad. 
https://t.co/pJV5aybVOv"
728138316546084864,2016-05-05 08:24:37,0,"The official forum for queries related to IIIT-H. An initiative for the students, by the students.
Visit: https://t.co/EyMG8YTmpY"
727965497870802944,2016-05-04 20:57:54,1,"Magic Number 53! 
44 students selected in GSOC, 4 in OpenDayLight, 3 in OPW &amp; 2 in others. https://t.co/IVOawOiYrQ"
727963698615050241,2016-05-04 20:50:45,1,"'Every ending has a new beginning .. ""
Farewell, UG2K12 &amp; PG2K14. You make us all proud :) https://t.co/olVhbNjGy7"
725766337524453377,2016-04-28 19:19:13,0,"Student Short Course on Earthquake Resistant Design of Buildings from May 16-19. 
Visit: https://t.co/bKXYrGgwS2 https://t.co/GQcv8VqKlx"
725765608588062720,2016-04-28 19:16:19,0,"IIIT Hyderabad host to Dr. Soumi Awasthy and Dr. Sushil Chandra from DRDO

Read: https://t.co/V0YhMi2qLi"
725765186955710465,2016-04-28 19:14:39,0,"IIIT Hyderabad host to Mr. Sougata Sen, Singapore Management University

Read: https://t.co/SBHUD3WEtG"
725764515166461952,2016-04-28 19:11:59,1,Prof. Nand Kishore Acharya will be given the Central Sangeet Natak academy award by the Hon'ble President of India. https://t.co/8MBHRPpDRq
725763501499777024,2016-04-28 19:07:57,0,"Prof. Nand Kishore Acharya awarded with Central Sangeet Natak Akademy award

Read: https://t.co/JPfP8YBMsW"
720110296963092481,2016-04-13 04:44:08,0,"Workshop on Modern and Quantum Information Security
(WMQIS 2016) was held at IIIT Hyderabad from March 26th-30th https://t.co/fRlZUZe4uP"
720107565263273984,2016-04-13 04:33:17,0,STEP: IIIT Hyderabad's school outreach program accepting applications until April 23. https://t.co/Y5gkMgerJO
717724949096456192,2016-04-06 14:45:37,7,"IIIT-H  announces STEP 2016, a summer school for students from classes 5th to 10th. 
Read: https://t.co/wp1X4SSfj5"
716679279258378240,2016-04-03 17:30:30,2,"IIIT Hyderabad launches its accelerator program, Avishkar. 
Read: https://t.co/WRz5WenfKk"
715176702280794112,2016-03-30 13:59:47,1,"Mr Manish Jain from Shikshantar, Udaipur delivered a talk on 'Rethinking Education and Development' on March 29, '16 https://t.co/xWSxfhMF7T"
715175889307312128,2016-03-30 13:56:33,0,"IIIT Hyderabad host to Mr Manish Jain, Co-Founder of Shikshantar

Read: https://t.co/FcX3XyFXOr"
713960674658009088,2016-03-27 05:27:44,1,"Dr Rajeev Sangal, Former Director-IIITH and Current Director- IIT BHU speaks about IIIT-H's work philosophy. 
See: https://t.co/Z7WjTHn67G"
713730007970025474,2016-03-26 14:11:09,0,"Prof. Harjinder Singh Laltu invited as Keynote speaker to Khammam

Read: https://t.co/iYG9IZmOFt"
713575674750103553,2016-03-26 03:57:53,0,'SDN for the Cloud' delivered by Dr Albert Greenberg of Microsoft @Azure at IIIT Hyderabad is now available at https://t.co/3NJVBgV5rK
713574836640096256,2016-03-26 03:54:33,0,"IIIT Hyderabad's Distinguished Lecture Series is now on Youtube!

Read: https://t.co/VYtuCbenhs"
712878547279482880,2016-03-24 05:47:44,1,RT @devvarma: India-based IoT startup Cube26 ties up with IIIT-Hyderabad to strengthen research on cognitive¬†intelligence https://t.co/SGnt‚Ä¶
712878248556888065,2016-03-24 05:46:33,0,"Prof Ponnurangam of @IIITDelhi delivered a talk on ‚ÄòPrivacy and Security in Online Social Media‚Äô on March 23, 2016. https://t.co/MAdntUYNWO"
712877559596367873,2016-03-24 05:43:49,0,"ACM India Eminent Speaker, Dr Ponnurangam Kumaraguru at IIIT Hyderabad

Read: https://t.co/tXrQf4Dc8h"
712607540794822656,2016-03-23 11:50:51,0,Dr Warsi covered in his talk about information theoretic protocols in the information-spectrum setting. https://t.co/VrtWMGTbXk
712606873602695168,2016-03-23 11:48:12,0,"Dr. Naqueeb Ahmad Warsi of TIFR, Mumbai at IIIT Hyderabad

Read: https://t.co/0q5IXYYCTf"
712563244632838144,2016-03-23 08:54:50,0,Dr Padmini Srinivasan from @uiowa delivered talk on ‚ÄòMining Life Satisfaction Expressions from Twitter‚Äô https://t.co/hivi1hny6V
712562525620056064,2016-03-23 08:51:59,0,"IIIT Hyderabad host to Dr Padmini Srinivasan, Professor, University of Iowa

Read: https://t.co/HrjQv1P0Xi"
712014807927394305,2016-03-21 20:35:33,1,"IIIT Hyderabad takes new stride in Cognitive Intelligence. Proud to announce our association with @Cube26labs 
Read: https://t.co/6WNuWr8AUG"
712008748705812481,2016-03-21 20:11:28,0,Ms Sukhda &amp; Ms Nirmal won gold medal (upgraded to Green Belt). Ms Sukanya &amp; Ms Suranjana upgraded to Yellow-1 belt. https://t.co/TD2t3U3VLA
712008129194684416,2016-03-21 20:09:01,0,"IIIT Hyderabad PG girls shine at Taekwondo Test

Read: https://t.co/Ct6CwLxRF5"
710509576160804866,2016-03-17 16:54:18,0,"IIIT-H student, Pushyami Rachapudi mentioned in MIT News! Pushyami was a visiting researcher at @medialab. Read :https://t.co/AhhcXJ1FSz"
702561491174760448,2016-02-24 18:31:27,1,"The Father of the Internet, Dr Vint Cerf's message to IIIT Hyderabad:
@iiit_hyderabad  @vgcerf 
https://t.co/MDSiR93H8I"
676815153753550848,2015-12-15 17:24:41,0,LTRC at IIIT-H is organising a Workshop for ‚ÄúDeveloping Hindi language Resources and Tools for NLP Application‚Äù from 15 Dec to 13th Jan 2016
676814703268462592,2015-12-15 17:22:54,1,Checkout workshop on Geospatial Technology on Biodiversity Conservation organised by IIIT-H and OSGeo-India(https://t.co/zEl6lKZ0yf)
675274183450882048,2015-12-11 11:21:25,0,https://t.co/ttPWCd1fyY
647044885791424512,2015-09-24 13:48:16,13,RT @devvarma: Receiving this award on behalf of IIIT Hyderabad as a top 3 tech school in India from Dy CM of Delhi. #TreeGetsBigger http://‚Ä¶
646332188036759552,2015-09-22 14:36:16,0,"Dr. Vasudev Varma, faculty at IIIT-H has been invited as a key speaker at Dataquest T-School Conference &amp; Awards.
http://t.co/DYvhgjFY6u"
643528705088864258,2015-09-14 20:56:14,1,"IIIT-H hosted Onam celebrations yesterday. Had dance, drama, Kathakali performance and so much more.
#Onam #IIITH
https://t.co/za07mTvL4p"
641835214033911808,2015-09-10 04:46:54,0,"IIITH celebrated its 18th Foundation day on 2nd September.Our sincere thanks to the esteemed guests who have joined us.
#TheTreeGetsBigger"
639001272247414784,2015-09-02 09:05:50,0,"Links to meme and photography contest to mark 18'th Foundation Day:

https://t.co/AaS5Wde1xe

https://t.co/VB8IvqYLJD

#TheTreeIs18 #IIITH"
